1937 FORD	NY	6
1937 FORD	MN	2
1952 FORD	FL	2
1955 FORD	NY	112
1955 FORD	AZ	2
1955 FORD	ME	2
1957 FORD	KS	2
ACURA	NY	84
ACURA	WV	20
ACURA	TX	16
ACURA	WA	12
ACURA	AL	6
ACURA CL	FL	2
ACURA CL	WA	2
ACURA CL	WV	2
ACURA ILX	NY	6
ACURA INTEGRA	NV	6
ACURA LEGEND	NY	76
ACURA MDX	NM	8
ACURA MDX	OH	6
ACURA MDX	NV	4
ACURA MDX	CA	2
ACURA MDX	WV	2
ACURA RL	WV	2
ACURA RSX	FL	6
ACURA TL	CA	10
ACURA TL	FL	10
ACURA TL	WY	2
ACURA TSX	FL	2
ACURA TSX	WV	2
ADAMS MORGAN	WV	12
ADESA AUSTIN	TX	10
AMERICAN EAGLE	NY	84
AMERICAN EAGLE	CA	2
AMERICAN EAGLE AIRLINES	CA	2
AMERICAN EAGLE FURNITURE	CA	4
AMERICAN EAGLE JEANS	CA	4
AMERICAN EAGLE OUTFITTERS	NY	362
AMERICAN EAGLE OUTFITTERS	FL	6
AMERICAN EAGLE OUTFITTERS	MI	6
AMERICAN EAGLE OUTFITTERS	NM	4
AMERICAN EAGLE OUTFITTERS	WA	2
AMERICAN GOLD EAGLE	NY	12
ANTWERPEN HYUNDAI	WV	2
APTERA SOFTWARE	WY	2
ASIA FORD	NV	2
AUDI	NY	596
AUDI	CA	154
AUDI	AK	98
AUDI	WV	84
AUDI	FL	80
AUDI A4	NY	34
AUDI A4	WV	10
AUDI A4	NM	8
AUDI A4	AK	6
AUDI A4	CA	6
AUDI A6	FL	6
AUDI A6	CA	2
AUDI A7	WA	6
AUDI A8	NM	2
AUDI ALLROAD	WV	2
AUDI MARKETING	WV	6
AUDI Q7	WA	2
AUDI S3	CA	2
AUDI S4	TX	12
AUDI S4	NV	8
AUDI S4	WY	6
AUDI S4	CA	2
AUDI S5	CA	2
AUDI S6	WY	6
AUDI USA	AK	2
AUSTIN ALLEGRO	AK	8
AUSTIN ARTS	CT	6
AUSTIN BEAD CO.	NM	6
AUSTIN BEAD CO.	NY	6
AUSTIN BEER GARDEN BREWING COMPANY	TX	4
AUSTIN ENERGY	TX	16
AUSTIN FLOWER COMPANY	TX	6
AUSTIN FOOD	TX	30
AUSTIN GROUP	TX	6
AUSTIN JAVA COMPANY	TX	2
AUSTIN KAYAK	FL	6
AUSTIN METRO	TX	12
AUSTIN METRO	GA	6
AUSTIN METRO	IA	6
AUSTIN POWERS	TX	6
AUSTIN POWERS	FL	2
AUSTIN POWERS	OR	2
AUSTIN POWERS	WI	2
AUSTIN RIVERS	CA	2
AUSTIN SPEED SHOP	TX	6
AUSTIN TORTILLA CO.	TX	12
AUSTIN USA	ID	6
AUSTIN USA	NJ	6
AUSTIN USA	NV	6
AUSTIN USA	OH	6
AUSTIN USA	WI	6
AUSTIN VINTAGE GUITARS	TX	2
AUTOMOBILI LAMBORGHINI	NY	8
BENTLEY	NY	138
BENTLEY	CA	70
BENTLEY	FL	48
BENTLEY	AK	38
BENTLEY	TX	26
BENTLEY CONTINENTAL GT	NY	100
BENTLEY CONTINENTAL GT	AZ	2
BENTLEY CONTINENTAL GTC	WV	6
BENTLEY MOTORS	AK	6
BENTLEY PROJECTS	CA	2
BENTLEY SYSTEMS.	WV	2
BERTHA MINI DRIVER	WV	6
BLUE LOTUS VIETNAMESE CUISINE	CA	2
BMW	NY	1574
BMW	CA	154
BMW	NM	120
BMW	AK	100
BMW	FL	94
BMW 330	NY	10
BMW 5 SERIES	NY	6
BMW 5 SERIES	AK	2
BMW 5 SERIES	WV	2
BMW 5 SERIES	WY	2
BMW 6 SERIES	CA	6
BMW 650	NY	46
BMW 650	CA	2
BMW CANADA	WI	2
BMW CCA	FL	2
BMW DRIVERS	WV	2
BMW E46	NY	202
BMW FINANCIAL SERVICES	NE	4
BMW I	CA	8
BMW I	GA	6
BMW I	UT	6
BMW I	PA	2
BMW INC	CA	10
BMW NORTHWEST	WA	2
BMW OPEN	VA	2
BMW PERFORMANCE CENTER	NY	2
BMW WELT	WA	4
BOMMARITO BUICK	NM	6
BOURBON ADAMS MORGAN	WV	2
BRUSSELS MINI EUROPE	WI	4
BUGATTI	AZ	8
BUGATTI	MN	6
BUGATTI	OH	6
BUGATTI	NY	2
BUGATTI	TX	2
BUGATTI TYPE 13	MI	6
BUICK	NY	216
BUICK	NV	16
BUICK	CA	14
BUICK	NM	10
BUICK	WV	10
BUICK CENTURY	NM	8
BUICK CENTURY	FL	2
BUICK LESABRE	NV	6
BUICK LESABRE	WV	6
BUICK LESABRE	NM	4
BUICK LESABRE	WA	2
BUICK RENDEZVOUS	NM	6
BUICK RENDEZVOUS	FL	2
BUICK VERANO	AK	6
BUICK VERANO	MI	4
BURDICK BMW	WI	2
BYD	NY	6
CADILLAC	NY	294
CADILLAC	FL	46
CADILLAC	CA	44
CADILLAC	TX	40
CADILLAC	WY	14
CADILLAC BAR SA	TX	2
CADILLAC CTS	NY	110
CADILLAC CTS	CA	12
CADILLAC CTS	WV	8
CADILLAC CTS	AZ	6
CADILLAC CTS	MI	6
CADILLAC CTS.	HI	2
CADILLAC DEVILLE	NY	12
CADILLAC DEVILLE	NV	8
CADILLAC DEVILLE	TX	8
CADILLAC DEVILLE	CA	2
CADILLAC DEVILLE	NM	2
CADILLAC FLEETWOOD BROUGHAM	NY	2
CADILLAC RECORDS	OR	6
CADILLAC RECORDS	WV	6
CADILLAC RECORDS	WY	6
CADILLAC SEVILLE	FL	6
CADILLAC SEVILLE	NM	6
CADILLAC SEVILLE	NV	2
CADILLAC SEVILLE	WA	2
CADILLAC SEVILLE	WV	2
CADILLAC TAX	TX	2
CADILLAC XLR	NM	12
CADILLAC XTS	CA	4
CALDWELL TOYOTA	WV	2
CAPRESSO MINI DRIP	MI	6
CAPRESSO MINI DRIP	OH	6
CAPRESSO MINI DRIP	VA	6
CAPRESSO MINI DRIP COFFEE	OH	2
CHEVORLET	NY	64
CHEVORLET	NC	12
CHEVORLET	MN	10
CHEVORLET	NM	8
CHEVORLET	MS	6
CHEVROLET	NY	1854
CHEVROLET	FL	16
CHEVROLET	NM	14
CHEVROLET	NV	14
CHEVROLET	TX	14
CHEVROLET ASTRO	NV	2
CHEVROLET AVALANCHE	NV	12
CHEVROLET AVALANCHE	FL	2
CHEVROLET AVALANCHE	NE	2
CHEVROLET AVALANCHE	WV	2
CHEVROLET CAVALIER	NM	8
CHEVROLET CAVALIER	WV	6
CHEVROLET CAVALIER	NV	4
CHEVROLET CHEVELLE	NY	12
CHEVROLET CHEVELLE	WI	2
CHEVROLET COBALT	NM	8
CHEVROLET COBALT	NJ	6
CHEVROLET COBALT	WI	6
CHEVROLET COBALT	CA	2
CHEVROLET COBALT	WV	2
CHEVROLET COLORADO	WV	8
CHEVROLET COLORADO	NV	6
CHEVROLET COLORADO	NM	2
CHEVROLET COLORADO	WY	2
CHEVROLET CORVETTE CONVERTIBLE	NY	2
CHEVROLET EXPRESS	NY	144
CHEVROLET EXPRESS	WA	6
CHEVROLET EXPRESS	WV	6
CHEVROLET EXPRESS	NM	4
CHEVROLET EXPRESS CARGO	WV	2
CHEVROLET HHR	CA	2
CHEVROLET MALIBU	CA	8
CHEVROLET MALIBU	FL	8
CHEVROLET MALIBU	NM	8
CHEVROLET MALIBU	ME	6
CHEVROLET MALIBU	NV	6
CHEVROLET MONTE CARLO	FL	2
CHEVROLET MONTE CARLO	TX	2
CHEVROLET S-10	NM	4
CHEVROLET S-10	CA	2
CHEVROLET S-10	WV	2
CHEVROLET S-10	WY	2
CHEVROLET SECURITYHTTP	WV	2
CHEVROLET SILVERADO	NM	60
CHEVROLET SILVERADO	WI	22
CHEVROLET SILVERADO	NV	18
CHEVROLET SILVERADO	FL	16
CHEVROLET SILVERADO	TX	12
CHEVROLET SONIC	CA	6
CHEVROLET SUBURBAN	NY	116
CHEVROLET SUBURBAN	CA	6
CHEVROLET SUBURBAN	WV	6
CHEVROLET SUBURBAN	OR	4
CHEVROLET SUBURBAN	WY	4
CHEVROLET TAHOE	NM	30
CHEVROLET TAHOE	WV	14
CHEVROLET TAHOE	FL	12
CHEVROLET TAHOE	NV	10
CHEVROLET TAHOE	WY	10
CHEVROLET TRAILBLAZER	NM	22
CHEVROLET TRAILBLAZER	WY	8
CHEVROLET TRAILBLAZER	WV	6
CHEVROLET TRAILBLAZER	FL	2
CHEVROLET UPLANDER	NM	6
CHEVROLET VENTURE	WV	6
CHEVROLET VENTURE	NM	2
CHRYSLER	NY	120
CHRYSLER	WV	36
CHRYSLER	CA	32
CHRYSLER	NV	28
CHRYSLER	TX	26
CHRYSLER 200	NM	14
CHRYSLER 200	WV	6
CHRYSLER 200	FL	2
CHRYSLER BUILDING	WV	2
CHRYSLER IMPERIAL	NV	2
CHRYSLER LHS	NY	12
CHRYSLER LLC	WY	2
CHRYSLER NEW YORKER	FL	2
CHRYSLER PACIFICA	FL	2
CHRYSLER PACIFICA	NV	2
CHRYSLER PACIFICA	OR	2
CHRYSLER PRODUCT DESIGN OFFICE	WY	6
CHRYSLER TOWN AND COUNTRY	WI	18
CHRYSLER TOWN AND COUNTRY	WV	16
CHRYSLER TOWN AND COUNTRY	NM	8
CHRYSLER TOWN AND COUNTRY	NV	4
CHRYSLER TOWN AND COUNTRY	WY	4
CHRYSLER VOYAGER	NV	2
CITROEN	NY	32
CITROEN	AK	20
CJ WILSON MAZDA	WY	2
CLIMATE SMART AG	VT	2
COOKIESWEETCR SMART	SC	2
CREST HONDA	NM	2
CREST INFINITI	NM	2
CROWLEY KIA	CT	6
CROWLEY KIA	TX	6
CROWN NISSAN	WA	2
CURRY FORD	FL	2
CURRY FORD ROAD	FL	2
DAEWOO	NY	270
DAEWOO	CA	2
DAEWOO	NJ	2
DAVID FORD PRODUCTIONS	WV	2
DESERT EAGLE BREWING COMPANY	CA	2
DIGI AUSTIN	TX	2
DODGE	NY	70
DODGE	TX	18
DODGE	WV	10
DODGE	CA	8
DODGE	NM	8
DODGE AIRFLOW BANK COLLECTORS	NY	2
DODGE CALIBER	WV	16
DODGE CALIBER	FL	12
DODGE CALIBER	NM	2
DODGE CALIBER	WY	2
DODGE CARAVAN	NY	568
DODGE CARAVAN	AK	6
DODGE CARAVAN	CO	6
DODGE CARAVAN	ME	6
DODGE CARAVAN	WY	4
DODGE CHARGER	WV	2
DODGE CHARGER 500	NY	6
DODGE CORONET	NY	222
DODGE CORONET	MI	4
DODGE DART GT	MN	2
DODGE JOURNEY	NM	6
DODGE JOURNEY	TX	6
DODGE JOURNEY	HI	2
DODGE JOURNEY	WY	2
DODGE NATIONAL PRESS	OK	6
DODGE NATIONAL PRESS	AZ	2
DODGE RAM CARGO	NM	2
DODGE RAM CARGO	WV	2
DODGE SPRINTER	NY	4
DODGE SPRINTER CARGO	WV	2
DODGE STRATUS	WV	2
DOLPHIN TOYOTA	WI	2
EAGLE	NY	106
EAGLE	FL	6
EAGLE	WI	2
EAGLE BANCORP	VA	6
EAGLE BANCORP INC.	WV	6
EAGLE BOYS	CA	6
EAGLE BULK SHIPPING	NY	6
EAGLE BULK SHIPPING	WA	6
EAGLE CREEK SOFTWARE	WA	6
EAGLE DREAMS PROMOTIONS	IL	6
EAGLE EXCELLENCE	MD	6
EAGLE FORD	TX	2
EAGLE FORD PERMITS	TX	2
EAGLE HEAD	NY	48
EAGLE NATIONWIDE MORTGAGE COMPANY HUNTINGTON	WV	2
EAGLE ONE PIZZA	OK	2
EAGLE TELEMEDICINE	LA	6
EAGLE USA	NY	2
EL TABLERO SMART	FL	6
ELIE SAAB HAUTE COUTURE	GA	6
ENDRAS BMW	WI	2
EW SMART	CA	2
FAIRFAX HYUNDAI	WV	2
FERRARI	NY	328
FERRARI	CA	26
FERRARI	NJ	26
FERRARI	AK	18
FERRARI	AZ	18
FERRARI 250	NY	144
FERRARI 250	CA	4
FERRARI 250	OK	2
FERRARI 330	NY	120
FERRARI 348	NY	44
FERRARI 365	CA	6
FERRARI 365	NY	2
FERRARI F50 GT	CA	6
FERRARI STORE	CA	2
FERRARI SUPERCARS	NY	2
FERRARI TRUCK	NY	6
FIAT	NY	52
FIAT	FL	6
FIAT	IN	6
FIAT	WY	6
FIAT	NJ	2
FIAT 500 ABARTH	MO	6
FIAT 500 ABARTH.	WV	2
FIAT CHRYSLER	ND	6
FIAT CHRYSLER	OK	6
FIAT CHRYSLER	NY	4
FIAT CHRYSLER	WY	2
FIAT CHRYSLER AUTOMOBILES	WY	6
FIAT CHRYSLERS	MD	2
FIAT PANDA	NY	42
FIAT PANDA	AZ	6
FIAT PUNTO	AK	2
FIXE AUSTIN	TX	2
FOOSE DESIGN	CA	2
FORD	NY	4266
FORD	CA	244
FORD	NM	216
FORD	WV	172
FORD	FL	136
FORD AEROSTAR	NM	6
FORD ANGLIA	NY	12
FORD BRONCO	NY	26
FORD BRONCO	IL	12
FORD BRONCO	WY	6
FORD BRONCO	CA	2
FORD CARS	TX	2
FORD CHINA	TX	2
FORD CORTINA	NY	76
FORD CORTINA	AK	2
FORD CROWN VICTORIA	WV	8
FORD CROWN VICTORIA	NM	2
FORD CUSTOM	HI	6
FORD CUSTOM	FL	4
FORD CUSTOM	NY	4
FORD DETAIL	NM	4
FORD E-SERIES	CA	6
FORD E-SERIES	WV	6
FORD E-SERIES	TX	2
FORD E-SERIES	WY	2
FORD ENGINEER	FL	6
FORD ESCAPE	WV	10
FORD ESCAPE	WY	10
FORD ESCAPE	HI	6
FORD ESCAPE	NJ	6
FORD ESCAPE	NM	6
FORD EVERYDAY	MN	12
FORD EXCURSION	CA	4
FORD EXPEDITION	TX	22
FORD EXPEDITION	NM	14
FORD EXPEDITION	IL	12
FORD EXPEDITION	WV	8
FORD EXPEDITION	CA	6
FORD EXPLORER SPORT TRAC	NM	12
FORD EXPLORER SPORT TRAC	WV	12
FORD EXPLORER SPORT TRAC	NV	6
FORD EXPLORER SPORT TRAC	TX	6
FORD F-350	WY	20
FORD F-350	NY	8
FORD F-350	NE	6
FORD F-350	FL	2
FORD F-350	NV	2
FORD F-SERIES SUPER DUTY	GA	12
FORD FESTIVA	NM	2
FORD FLEX	MI	2
FORD FLEX	NM	2
FORD FLEX	TX	2
FORD FLEX	WI	2
FORD FLEX	WV	2
FORD FOCUS	WV	8
FORD FOCUS	WI	6
FORD FOCUS	NM	2
FORD FOCUS	NV	2
FORD FOCUS TITANIUM	NY	24
FORD FOCUS WRC	NY	106
FORD FOOD	OR	6
FORD FOUNDATION	CA	6
FORD FREESTAR	WY	2
FORD FREESTYLE	WV	8
FORD FREESTYLE	WY	6
FORD FREESTYLE	ME	2
FORD FREESTYLE	NV	2
FORD FREESTYLE	WI	2
FORD GALAXIE 500	NY	6
FORD GALAXIE.	NM	2
FORD INVESTORS	NY	12
FORD KNOX	NM	6
FORD LTD	FL	6
FORD LTD CROWN VICTORIA	NM	6
FORD MODELS	NY	2
FORD MODELS MEN	WV	4
FORD MOTOR	WY	6
FORD MOTOR	CA	2
FORD MOTOR CO	NY	30
FORD MOTOR CO	CT	6
FORD MOTOR CO	WY	2
FORD MOTOR CO.	MI	6
FORD MOTOR CO.	NY	6
FORD MOTOR CO.	WY	2
FORD MOTOR COMPANY	AK	6
FORD MOTOR COMPANY	WY	6
FORD MUSTANG BOSS 429	NY	4
FORD MUSTANG MACH 1	NM	6
FORD MUSTANG MACH 1	NY	2
FORD MUSTANG MACH 1.	RI	6
FORD MUSTANG MACH 1.	OH	2
FORD PARTNER	WI	6
FORD PRODUCT DEVELOPMENT CENTER	WY	6
FORD PUMA	NY	42
FORD RANGER	NY	210
FORD RANGER	NM	10
FORD RANGER	AK	8
FORD RANGER	ME	8
FORD RANGER	CA	6
FORD RESEARCH	CA	10
FORD SIERRA	NY	4
FORD SPITZER GROUP	OH	2
FORD TAURUS SHO	FL	6
FORD TRACTOR	NY	6
FORD TRANSIT	NY	36
FORD TRANSIT	WI	6
FORD TRANSIT CONNECT CARGO	NM	2
FORD TRUCK	TX	6
FORD XB FALCON	NY	12
FORD ZEPHYR	NY	4
FRANCIS FORD COPPOLA WINERY	CA	2
FREDDIE MERCURY	NJ	6
FREDDIE MERCURY	OK	4
FREDDIE MERCURY	AK	2
FREE EAGLE	NM	2
GALPIN HONDA SERVICE	CA	2
GEO	FL	6
GEO	MN	6
GEO	NY	6
GEO	WY	2
GEO GROUP	FL	6
GEO GROUP	NJ	6
GEO GROUP	NM	6
GEO GROUP	SC	6
GEO GROUP INC	CA	24
GEO GROUP INC.	CA	6
GEO PRIZM	WV	6
GEO TRACKER	WY	6
GIANT EAGLE	OH	2
GIANT EAGLE SUPERMARKET	WV	22
GMC	NY	354
GMC	NV	24
GMC	WV	16
GMC	NM	12
GMC	WY	12
GMC ACADIA	WY	12
GMC ACADIA	NM	4
GMC ACADIA	CA	2
GMC ACADIA	FL	2
GMC ACADIA	TX	2
GMC CANYON	CA	6
GMC CANYON	WA	6
GMC ENVOY	NM	12
GMC ENVOY	TX	6
GMC ENVOY	FL	2
GMC ENVOY XL	NM	6
GMC SAVANA	WA	6
GMC SIERRA	NY	134
GMC SIERRA	ME	20
GMC SIERRA	WV	14
GMC SIERRA	FL	12
GMC SIERRA	TX	8
GMC SONOMA	WY	2
GMC SYCLONE	CA	2
GMC TERRAIN	IL	6
GMC TERRAIN	NV	6
GMC TERRAIN	MO	2
GOCHIE FORD	NM	4
GOLD EAGLE	FL	6
GORTONSSEAFOOD SMART	NH	6
GUNTHER MAZDA	FL	2
HAWKINSON NISSAN	TX	2
HEADQUARTER HONDA	FL	6
HEALEY KIA	NY	2
HEARTLAND HONDA	NM	2
HENDRICK VOLKSWAGEN	TX	6
HENNESSY CADILLAC DULUTH	NM	2
HENRY FORD	MI	12
HERPA BOLEY GMC INTERNATIONAL UTILITY	NY	2
HJ PFAFF AUDI	WI	2
HOLDEN	TX	6
HOLDEN	PA	4
HONDA	NY	1080
HONDA	WV	186
HONDA	CA	154
HONDA	NM	136
HONDA	WY	98
HONDA BLOOMFIELD	WY	6
HONDA CIVIC HATCH	OH	6
HONDA CIVIC HYBRID	NY	6
HONDA CR-V	NM	20
HONDA CR-V	CA	16
HONDA CR-V	WY	14
HONDA CR-V	WV	8
HONDA CR-V	NE	6
HONDA ELEMENT	NY	88
HONDA ELEMENT	CA	6
HONDA HR-V	WY	2
HONDA INSIGHT	NY	6
HONDA MOTORS	CT	6
HONDA NSX	NY	12
HONDA ODYSESSY	CA	2
HONDA ODYSSEY	NY	140
HONDA ODYSSEY	WV	20
HONDA ODYSSEY	CA	10
HONDA ODYSSEY	NM	10
HONDA ODYSSEY	TX	6
HONDA ODYSSEY.	NJ	6
HONDA PASSPORT	TX	6
HONDA PILOT	NM	8
HONDA PILOT	AZ	2
HONDA PILOT	CA	2
HONDA PILOT	NV	2
HONDA PILOT	OR	2
HONDA PILOT.	MI	2
HONDA RACING	MI	12
HONDA STORE	NM	6
HUMMER	NY	156
HUMMER	AK	6
HUMMER	FL	2
HUMMER	TX	2
HUMMER	WV	2
HYUNDAI	NY	168
HYUNDAI	WV	46
HYUNDAI	TX	38
HYUNDAI	FL	30
HYUNDAI	WI	26
HYUNDAI AZERA	WY	8
HYUNDAI CAPITAL AMERICA	NY	6
HYUNDAI ELANTRA	WY	10
HYUNDAI ELANTRA	FL	8
HYUNDAI ELANTRA	NM	8
HYUNDAI ELANTRA	OH	6
HYUNDAI ELANTRA	NV	4
HYUNDAI SANTA FE	OR	8
HYUNDAI SANTA FE	NM	6
HYUNDAI SANTA FE	TX	6
HYUNDAI SANTA FE	NV	2
HYUNDAI SANTA FE	WV	2
HYUNDAI SONATA	KY	12
INFINITI	NY	224
INFINITI	FL	26
INFINITI	NM	22
INFINITI	TX	22
INFINITI	CA	14
INFINITI FX35	NY	66
INFINITI FX35	FL	6
INFINITI FX35	TX	6
INFINITI FX35	WY	2
INFINITI G35	TX	14
INFINITI G35	CA	6
INFINITI G35	FL	6
INFINITI G35	AZ	2
INFINITI G35	WV	2
INFINITI M45	ME	6
INFINITI QX56	FL	2
IOT SMART TECHNOLOGIES	ND	6
IRONHIDE GMC TOPKICK	ID	6
ISUZU	WY	6
ISUZU AMIGO	NM	6
ISUZU RODEO	OR	6
ISUZU TROOPER	FL	12
IVCC LINCOLN	IL	6
JAGUAR	NY	50
JAGUAR	NJ	12
JAGUAR	UT	12
JAGUAR	AZ	6
JAGUAR	CA	6
JAGUAR CULT SHAMANS	CA	6
JAGUAR LAND ROVER	ID	6
JAGUAR LAND ROVER	AK	4
JAGUAR LAND ROVER	WA	2
JAGUAR LAND ROVER BIRMINGHAM	NM	2
JAGUAR S-TYPE	WY	6
JAGUAR S-TYPE	NM	2
JAGUAR S-TYPE	NV	2
JAGUAR XF	CA	10
JAGUAR XF	GA	6
JAPANESE RESTAURANT HONDA	CA	2
JEEP	NY	230
JEEP	AZ	50
JEEP	SC	30
JEEP	TX	20
JEEP	NM	16
JEEP GRAND WAGONEER	NY	24
JEEP GRAND WAGONEER	NC	12
JEEP GRAND WAGONEER.	FL	6
JEEP WAGONEER	FL	12
JEEP WRANGLER SAHARA	NM	6
JP MORGAN	WV	6
JP MORGAN CHASE	NY	28
KIA	TX	40
KIA	IN	38
KIA	CA	36
KIA	NM	22
KIA	NY	22
KIA AMANTI	WV	2
KIA DEALERSHIP	WI	2
KIA FORTE	CA	6
KIA FORTE	WY	6
KIA FORTE	FL	2
KIA MOTORS	CA	12
KIA MOTORS	FL	6
KIA MOTORS	NM	2
KIA MOTORS AMERICA	NY	6
KIA OPTIMA	NM	16
KIA OPTIMA	CA	8
KIA OPTIMA	AZ	6
KIA OPTIMA	AK	2
KIA OPTIMA	WI	2
KIA RACING	FL	2
KIA RACING	NY	2
KIA RIO	FL	6
KIA RIO	NV	6
KIA SEDONA	GA	6
KIA SEDONA	FL	4
KIA SEDONA	WV	2
KIA SPECTRA	NV	8
KIA SPECTRA	NY	6
KIA SPECTRA	NM	4
KIA SPECTRA	OR	2
KIA SPECTRA	WA	2
KIA SPORTAGE	WI	12
KIA SPORTAGE	FL	6
KIA SPORTAGE	NM	2
KIA SPORTAGE	NV	2
KIA ZI SHIRU	CA	4
KIMO BENTLEY SKINCARE	NY	6
KINDER MORGAN INC	DE	12
KINDER MORGAN PIPELINE	WA	2
KINGS HONDA	NV	6
LAMBORGHINI	NY	196
LAMBORGHINI	FL	38
LAMBORGHINI	CA	34
LAMBORGHINI	TX	34
LAMBORGHINI	OR	18
LAMBORGHINI AVENTADOR	CA	6
LAMBORGHINI AVENTADOR	IA	4
LAMBORGHINI AVENTADOR	FL	2
LEXPOINT AUDI	AK	2
LEXUS	NY	216
LEXUS	CA	42
LEXUS	HI	34
LEXUS	NV	34
LEXUS	TX	30
LEXUS CT	FL	6
LEXUS CT	MA	6
LEXUS IS	AK	6
LEXUS IS	NE	6
LEXUS IS	NY	6
LEXUS IS	NV	4
LEXUS IS	NM	2
LEXUS LS	CA	6
LEXUS LS	NY	2
LEXUS LS	WV	2
LEXUS LX	NM	2
LEXUS RX	GA	12
LEXUS RX	MD	10
LEXUS RX	NC	6
LEXUS RX	NV	6
LEXUS RX	WI	6
LEXUS SIMMONS	WV	2
LIC AUSTIN	TX	6
LINCOLN	CA	8
LINCOLN	NE	8
LINCOLN	AK	2
LINCOLN AT SCHULZ TRANSPORTATION SERVICES	NE	6
LINCOLN BARONS	AK	2
LINCOLN BREWING CO.	NM	4
LINCOLN ELECTRIC PRECISION	NY	60
LINCOLN MARK LT	FL	2
LINCOLN MKZ	KY	18
LINCOLN MKZ	OH	8
LINCOLN MKZ	OR	6
LINCOLN MKZ	WY	6
LINCOLN NAVIGATOR	FL	8
LINCOLN NAVIGATOR	NV	2
LINCOLN NAVIGATOR	WV	2
LINCOLN NAVIGATOR	WY	2
LINCOLN ZEPHYR	NY	6
LOTUS	NY	84
LOTUS	AL	2
LOTUS	TX	2
LOTUS	WV	2
LOTUS 17	WV	2
LOTUS ACUPUNCTURE LLC	OR	2
LOTUS CORTINA	NY	296
LOTUS CRUSH	AL	6
LOTUS EXPERIMENTS	NY	6
LOTUS SMOKE SHOP	FL	6
LUSH COSMETICS AUSTIN	TX	2
LYONS TOYOTA	WY	6
MARKS MITSUBISHI	NM	2
MASERATI	CA	14
MASERATI	AZ	8
MASERATI	CT	6
MASERATI	DE	6
MASERATI	FL	6
MASERATI COUPE	WY	6
MASERATI SHOWROOM BUCHAREST	WI	6
MAXWELL SMART	WV	2
MAYBACH	HI	6
MAYBACH	WA	6
MAYBACH	NV	2
MAYBACH MONEY BEYER	NJ	6
MAYBACH MUSIC	NY	2
MAZDA	NY	66
MAZDA	CA	28
MAZDA	NM	18
MAZDA	TX	16
MAZDA	WY	16
MAZDA B-SERIES	WY	6
MAZDA CX-5	NY	12
MAZDA CX-5	WV	6
MAZDA CX-5	WY	2
MAZDA CX-7	FL	18
MAZDA CX-9	IA	6
MAZDA CX-9	OR	6
MAZDA CX-9	WV	6
MAZDA LEEDS	AK	2
MAZDA MAZDA3	WV	10
MAZDA MAZDA3	CA	6
MAZDA MAZDA3	TX	2
MAZDA MILLENIA	WV	2
MAZDA MX-5	AK	10
MAZDA PROTEGE	WV	8
MAZDA PROTEGE	NM	6
MAZDA TOYO	CA	6
MAZDA TRIBUTE	TX	6
MAZDA TRIBUTE	NM	2
MCLAREN	AK	12
MCLAREN	NY	12
MCLAREN	NM	8
MCLAREN	WY	8
MCLAREN	CA	6
MERCEDES	AK	6
MERCEDES	WV	6
MERCEDES	GA	2
MERCEDES-BENZ	NY	258
MERCEDES-BENZ	LA	50
MERCEDES-BENZ	FL	16
MERCEDES-BENZ	WI	14
MERCEDES-BENZ	IN	12
MERCEDES-BENZ C-CLASS	NM	10
MERCEDES-BENZ C-CLASS	CA	8
MERCEDES-BENZ C-CLASS	WY	6
MERCEDES-BENZ C-CLASS	FL	2
MERCEDES-BENZ C-CLASS	NC	2
MERCEDES-BENZ CLS-CLASS	CA	6
MERCEDES-BENZ CORP	FL	12
MERCEDES-BENZ CORPORATE RUN	FL	2
MERCEDES-BENZ GLK-CLASS	FL	8
MERCEDES-BENZ HATAY	NM	2
MERCEDES-BENZ SL-CLASS	CA	2
MERCEDES-BENZ VICTORIA STAR MOTORS	WI	12
MERCURY	NY	58
MERCURY	FL	22
MERCURY	AK	14
MERCURY	TN	14
MERCURY	MI	12
MERCURY COMET	NY	52
MERCURY GRAND MARQUIS	MI	6
MERCURY GRAND MARQUIS	WY	2
MERCURY MARINE	NC	12
MERCURY MARINE PRO	NC	12
MERCURY MARINER	WY	6
MERCURY MISSION	NM	2
MERCURY MONTCLAIR	MI	6
MERCURY MOUNTAINEER	NM	2
MERCURY MOUNTAINEER	WI	2
MERCURY MOUNTAINEER	WY	2
MERCURY OUTBOARD	NY	16
MERCURY PARK LANE	CA	2
MERCURY PARK LANE	WI	2
MERCURY SABLE	NM	6
MERCURY SABLE	NV	6
MERCURY SABLE	WV	6
MERCURY SYSTEMS	NY	6
MERCURY TRACER	FL	6
MICKEY MINI	NY	18
MILLENNIUM HYUNDAI	WV	2
MINI	NY	12
MINI	AK	6
MINI	CA	6
MINI	IL	6
MINI	IN	6
MINI ASIAN INSPIRED CAKES	AZ	6
MINI ASIAN INSPIRED CAKES	TX	6
MINI BURGERS	MN	6
MINI CITY MARKETPLACE	NM	2
MINI CLUBMAN	NY	22
MINI COOPER	CA	6
MINI COOPER	NV	2
MINI COUNTRYMAN	AK	2
MINI DOMO	FL	12
MINI FRANCE	WA	2
MINI MANSIONS	CO	12
MINI MANSIONS	IA	6
MINI MANSIONS	WI	2
MINI MAUS	WV	6
MITSUBISHI	NY	416
MITSUBISHI	WV	58
MITSUBISHI	CA	26
MITSUBISHI	TX	24
MITSUBISHI	AK	22
MITSUBISHI CHALLENGER	NY	6
MITSUBISHI ECLIPSE	NM	12
MITSUBISHI ECLIPSE	WY	6
MITSUBISHI ECLIPSE	NV	2
MITSUBISHI ECLIPSE	WI	2
MITSUBISHI ELECTRIC US	CA	2
MITSUBISHI ENDEAVOR	WV	6
MITSUBISHI GALANT	FL	6
MITSUBISHI GALANT	WV	4
MITSUBISHI GALANT	CA	2
MITSUBISHI GALANT	NM	2
MITSUBISHI HEAVY INDUSTRIES	NY	6
MITSUBISHI I	WA	6
MITSUBISHI LANCER EVOLUTION	WY	6
MITSUBISHI MIRAGE	NM	10
MITSUBISHI MIRAGE	FL	6
MITSUBISHI MIRAGE	OH	2
MITSUBISHI OUTLANDER	NM	8
MITSUBISHI OUTLANDER	WI	2
MITSUBISHI OUTLANDERF604	NY	6
MITSUBISHI TRITON	NY	6
MORGAN	NY	226
MORGAN CITY	LA	2
MORGAN CRAFT	NM	2
MORGAN DOLLAR	NY	66
MORGAN DOLLAR DESIGN	NY	426
MORGAN ENGINEERING	WA	2
MORGAN HERITAGE	DE	56
MORGAN HERITAGE	CA	18
MORGAN INDUSTRIES	WA	2
MORGAN MANUFACTURING	WY	14
MORGAN MFG.	WY	2
MORGAN MOTORCYCLE SHOP	WY	8
MORGAN OFFICE	WA	6
MORGAN SILVER DOLLAR	NY	40
MORGAN STANLEY	NY	6
MORGAN STANLEY	MD	2
MORGAN STANLEY WEALTH	MN	6
MORGAN STUDIOS	WA	2
MORGAN TEXTILES	WA	2
NEPAL SHRI RAM BARAN YADAV	TN	12
NEPAL SHRI RAM BARAN YADAV	VT	2
NIOMI SMART	ME	2
NISSAN	NY	356
NISSAN	CA	70
NISSAN	NM	48
NISSAN	FL	40
NISSAN	WV	40
NISSAN 240SX	WV	2
NISSAN ALTIMA	NM	34
NISSAN ALTIMA	WY	26
NISSAN ALTIMA	FL	18
NISSAN ALTIMA	WV	14
NISSAN ALTIMA	NV	12
NISSAN ARMADA	NM	2
NISSAN FRONTIER	NV	18
NISSAN FRONTIER	NM	14
NISSAN FRONTIER	FL	6
NISSAN GT-R	WA	6
NISSAN GT-R	WY	2
NISSAN JUKE	WI	6
NISSAN JUKE	MI	4
NISSAN JUKE	CA	2
NISSAN JUKE	NV	2
NISSAN LEAF ELECTRIC	WV	2
NISSAN MANUFACTURING RUS	AK	6
NISSAN MAXIMA	WV	18
NISSAN MAXIMA	NM	8
NISSAN MAXIMA	CA	6
NISSAN MAXIMA	GA	6
NISSAN MAXIMA	NV	4
NISSAN MOTOR ACCEPTANCE CORPORATION	NM	6
NISSAN MOTOR CO	CA	2
NISSAN PATHFINDER	WV	10
NISSAN PATHFINDER	NV	4
NISSAN PATHFINDER	FL	2
NISSAN PATHFINDER	NM	2
NISSAN QUEST	NM	8
NISSAN QUEST	CA	6
NISSAN QUEST	WV	6
NISSAN ROGUE	NM	2
NISSAN SENTRA	NM	24
NISSAN SENTRA	WV	14
NISSAN SENTRA	CA	6
NISSAN SENTRA	FL	4
NISSAN SENTRA	NV	4
NISSAN STANZA	OR	2
NISSAN TITAN	NM	8
NISSAN TITAN	FL	6
NISSAN TITAN	NV	2
NISSAN TITAN	TX	2
NISSAN VERSA	CA	6
NISSAN VERSA	FL	2
NISSAN VERSA	WA	2
NISSAN VERSA	WI	2
NISSAN VERSA	WV	2
NISSAN XTERRA	NM	28
NISSAN XTERRA	ME	12
NISSAN XTERRA	CA	6
NISSAN XTERRA	WV	2
NT FORD DEALERS	NM	2
OASIS SMART	HI	2
OLDSMOBILE	FL	2
OLDSMOBILE 442	NY	2
OLDSMOBILE CUTLASS CIERA	NM	2
PASSPORT BMW	WV	22
PAUL RIGBY VOLVO	AK	2
PEEK SHELBY	NV	2
PERMIAN GEO MARKET	TX	2
PLYMOUTH BARRACUDA	NY	2
PLYMOUTH BARRACUDA.	CA	2
PLYMOUTH BELVEDERE	NY	102
PLYMOUTH BELVEDERE	MN	6
PLYMOUTH FARMERS	WY	2
PLYMOUTH FARMERS MARKET	MI	2
PLYMOUTH ROAD RUNNER	NY	24
PLYMOUTH ROAD RUNNER	FL	6
PLYMOUTH ROCK ASSURANCE CORPORATION	WY	6
PLYMOUTH ROCK ENERGY	NY	6
PLYMOUTH WATER EXTRACTION	NM	2
POHANKA LEXUS	WV	2
PONTIAC	NY	280
PONTIAC	WV	24
PONTIAC	MI	22
PONTIAC	NV	20
PONTIAC	WY	16
PONTIAC G6	OR	4
PONTIAC G6	NV	2
PONTIAC G6	WI	2
PONTIAC G8	NM	2
PONTIAC GRAND AM	ME	12
PONTIAC GRAND AM	WY	4
PONTIAC GRAND AM	NM	2
PONTIAC GRAND PRIX MINT	ME	6
PONTIAC LEMANS	FL	2
PONTIAC METAL	MI	6
PONTIAC MONTANA	HI	6
PONTIAC MONTANA	CA	2
PONTIAC MONTANA	NM	2
PONTIAC REV COLLECTORS	TX	6
PONTIAC STAR CHIEF	NY	152
PONTIAC TAP	WV	2
PONTIAC VIBE	NV	6
PONTIAC VIBE	WY	2
PORSCHE	NY	14
PORSCHE	NJ	6
PORSCHE	TX	6
PORSCHE	WV	6
PORSCHE	WY	4
PREMIER HONDA	TX	2
PRESTIGE VOLKSWAGEN	FL	2
PRESTIGE VOLKSWAGEN	WV	2
PRESTIGE VOLKSWAGEN MELBOURNE	FL	12
PRESTIGE VOLVO	NJ	2
RAM	IA	6
RAM	NV	6
RAM	WV	6
RAM	AK	2
RAM	FL	2
RAM VASUDEV	TX	6
RAMBLER	WV	4
REGAL HONDA	FL	2
REYNOLDS FORD	NM	2
RICHMOND TOYOTA OWNERS	OH	4
RJ BENTLEY	WV	2
ROCA HONDA MINE	NM	2
ROLLS-ROYCE	NY	18
ROLLS-ROYCE	FL	6
ROLLS-ROYCE	WA	6
ROLLS-ROYCE	NJ	2
ROLLS-ROYCE	NM	2
ROLLS-ROYCE MOTOR CARS	NJ	6
RYGUY MINI	VA	2
SAAB	NY	88
SAAB	LA	6
SAAB	TX	2
SAAB 9-3	TX	6
SAAB 9-3	WA	6
SAAB 9-3	NM	4
SAAB 9-3	NV	2
SAAB 900	WA	6
SAAB 9000	AK	6
SATURN	CA	6
SATURN AURA	CA	6
SATURN BIRMINGHAM	NM	2
SATURN ION	AZ	6
SATURN ION	CA	6
SATURN ION	WY	4
SATURN ION	NM	2
SATURN ION	WV	2
SATURN L-SERIES	CA	6
SATURN L-SERIES	FL	6
SATURN L-SERIES	NM	2
SATURN L-SERIES	WV	2
SATURN OUTLOOK	WV	2
SATURN S-SERIES	CA	12
SATURN S-SERIES	WY	8
SATURN S-SERIES	WV	6
SATURN S-SERIES	TX	4
SATURN SKY	NM	8
SATURN VUE	NM	8
SATURN VUE	WY	6
SATURN VUE	FL	2
SCION	NY	26
SCION	NM	10
SCION	CA	8
SCION	NV	2
SCION	OR	2
SCION RESTAURANT	WV	4
SCION XA	WA	6
SCION XB	CA	6
SCION XB	HI	6
SCION XB	WI	6
SCION XB	NE	2
SCPRSA MERCURY AWARDS	NM	2
SEAFOOD SMART	TX	14
SHARPNACK CHEVROLET	OH	2
SHEEHY NISSAN	WV	2
SHELBY	MI	12
SHELBY	NY	8
SHELBY	FL	6
SHELBY	NM	6
SHELBY DAYTONA	CA	2
SHELBY GT350	NY	12
SHELBY GT350	CA	6
SHELBY GT350	DE	6
SHELBY GT350	MI	6
SHELBY GT350	NV	6
SHELBY GT500	IN	6
SHELBY GT500	AL	2
SHELBY GT500	MO	2
SHELBY GT500	NM	2
SHELBY GT500	PA	2
SHELBY PLATTS	WA	2
SHULTS FORD	WV	6
SILVER AMERICAN EAGLE	NY	6
SILVER MORGAN DOLLARS	NY	2
SILVERTHORNE SUBARU	NV	12
SMART	AK	2
SMART	CA	2
SMART AGE SOLUTIONS	NY	2
SMART BALANCE	SC	6
SMART BANK	NM	2
SMART CITY	NM	2
SMART CLUB	NM	6
SMART FIT AEROPUERTO	HI	2
SMART FIT CIRCUITO AZTECA	HI	6
SMART POWER SYSTEMS	TX	2
SMART RESTAURANT GROUP	TX	82
SMART RESTAURANT GROUP	NM	74
SMART SHOW	NM	6
SMART STYLE	WV	6
SMART TV	NY	6
SMART WOMEN ENTREPRENEURS	TX	2
SOARING EAGLE CASINO	WI	2
SOUTH AUSTIN	TX	4
SOUTH AUSTIN BREWERY	NM	2
STREATER SMITH NISSAN	TX	18
STUDEBAKER	NY	8
STUDEBAKER	TX	2
STUDEBAKER GOLDEN HAWK	NY	144
STUDEBAKER LAND CRUISER	VA	2
STUDEBAKER LIGHT SIX	NY	8
STUDEBAKER PRESIDENT	NY	48
SUBARU	NY	100
SUBARU	CA	22
SUBARU	VT	12
SUBARU	OH	8
SUBARU	WV	8
SUBARU FORESTER	NY	16
SUBARU FORESTER	WV	12
SUBARU FORESTER	CA	6
SUBARU FORESTER	WY	6
SUBARU FORESTER	AK	2
SUBARU OUTBACK	MI	6
SUBARU OUTBACK	NM	6
SUBARU OUTBACK	VT	6
SUBARU OUTBACK	WA	4
SUBARU OUTBACK	WI	2
SUBARU TRIBECA	WV	6
SUBARU XT	NY	6
SUNFLAIR MINI	AZ	2
SUSAN SCHEIN CHEVROLET	NM	2
SUZUKI	NY	264
SUZUKI	TX	18
SUZUKI	NJ	14
SUZUKI	MI	10
SUZUKI	ME	8
SUZUKI FORENZA	FL	6
SUZUKI FORENZA	NV	6
SUZUKI FORENZA	WY	4
SUZUKI GRAND VITARA	NY	126
SUZUKI SWIFT	CA	6
SUZUKI SWIFT	GA	6
SWISS EAGLE WATCHES	NY	12
TACOMA LINCOLN	WY	2
TAMPA HONDA	FL	2
TEAM FORD LINCOLN	NV	4
TESLA	NY	258
TESLA	CA	196
TESLA	FL	114
TESLA	TX	82
TESLA	NJ	72
TESLA BROCHURES	MD	6
TESLA DESIGN STUDIO	CA	4
TESLA ENERGY	NY	40
TESLA ENERGY	CA	24
TESLA ENERGY	MD	12
TESLA ENERGY	AK	10
TESLA ENERGY	WI	8
TESLA GENERATOR BLUEPRINTS	MA	6
TESLA MOTOR	MI	2
TESLA MOTORS	CA	20
TESLA MOTORS	FL	14
TESLA MOTORS	NV	12
TESLA MOTORS	WV	12
TESLA MOTORS	MD	10
TESLA MOTORS INC	NY	24
TESLA MOTORS INC.	NY	6
TESLA MOTORS INC.	CA	2
TESLA MOTORS INC.	WV	2
TESLA STORE	NM	2
TESLA TECHNOLOGY	CA	2
TESLA VENTURES	NY	16
TESLA VENTURES	CA	2
TESLA VENTURES	CT	2
TESLA VENTURES	NJ	2
TESLA VENTURES	NM	2
THE FORD MOTOR COMPANY	TX	8
TIPSYCAEK SMART	TX	6
TOYOTA	NY	1150
TOYOTA	CA	236
TOYOTA	NM	108
TOYOTA	WV	100
TOYOTA	WI	92
TOYOTA BODY SHOP	TX	6
TOYOTA CAMRY HYBRID	WI	24
TOYOTA CAMRY HYBRID	CA	6
TOYOTA CAMRY HYBRID	NM	6
TOYOTA CAMRY HYBRID	FL	2
TOYOTA HIGHLANDER	NV	10
TOYOTA HIGHLANDER	NM	8
TOYOTA HIGHLANDER	CA	6
TOYOTA HIGHLANDER	NE	6
TOYOTA HIGHLANDER	TX	6
TOYOTA MATRIX	CA	6
TOYOTA MATRIX	NM	2
TOYOTA MATRIX	WV	2
TOYOTA MOTOR MANUFACTURING INDIANA	NV	8
TOYOTA MOTOR MANUFACTURING TURKEY	WV	4
TOYOTA MOTOR SALES	CA	2
TOYOTA OWNERS	VA	18
TOYOTA OWNERS	CA	14
TOYOTA OWNERS	AZ	12
TOYOTA OWNERS	NH	12
TOYOTA OWNERS	SD	12
TOYOTA PRIUS V	CA	4
TOYOTA PRODUCTION ENGINEERING	NV	2
TOYOTA RACING DEVELOPMENT	CA	2
TOYOTA RAV4	FL	10
TOYOTA RAV4	NJ	2
TOYOTA RAV4	NM	2
TOYOTA RAV4	NV	2
TOYOTA RAV4	WV	2
TOYOTA RSC	NY	6
TOYOTA SEQUOIA	CA	6
TOYOTA SEQUOIA	NM	4
TOYOTA SEQUOIA	WA	4
TOYOTA SIENNA	CA	24
TOYOTA SIENNA	NE	18
TOYOTA SIENNA	NV	12
TOYOTA SIENNA	FL	6
TOYOTA SIENNA	TX	6
TOYOTA SUPRA	NY	66
TOYOTA SUPRA	MA	12
TOYOTA SUPRA	WI	12
TOYOTA SUPRA	CA	8
TOYOTA SUPRA	FL	2
TOYOTA T100	FL	8
TOYOTA TUNDRA	TX	18
TOYOTA TUNDRA	CA	6
TOYOTA TUNDRA	NM	6
TOYOTA TUNDRA	NV	6
TOYOTA TUNDRA	NY	4
TOYOTA WILL	AL	6
TOYOTA WILL	CO	6
TOYOTA WILL	WY	2
TWEED HOLDEN	OH	2
UN FORD MUSTAN	NM	2
UPCOMING BENTLEY BENTAYGA	IN	2
VARSITY FORD	MI	12
VIVA FORD	TX	2
VOLKSWAGEN	NY	234
VOLKSWAGEN	AK	38
VOLKSWAGEN	CA	28
VOLKSWAGEN	WV	26
VOLKSWAGEN	FL	16
VOLKSWAGEN CC	NM	6
VOLKSWAGEN CC	CA	2
VOLKSWAGEN DELIVERY VANS	NY	4
VOLKSWAGEN EOS	NM	2
VOLKSWAGEN EOS	WV	2
VOLKSWAGEN GOLF	WV	6
VOLKSWAGEN GOLF	CA	2
VOLKSWAGEN GROUP	MD	2
VOLKSWAGEN GROUP	MI	2
VOLKSWAGEN GROUP	WI	2
VOLKSWAGEN GROUP OF AMERICA	WV	6
VOLKSWAGEN GTI	NY	12
VOLKSWAGEN GTI	CA	6
VOLKSWAGEN GTI	WY	6
VOLKSWAGEN NEW BEETLE	OR	12
VOLKSWAGEN NEW BEETLE	HI	8
VOLKSWAGEN NEW BEETLE	WV	8
VOLKSWAGEN NEW BEETLE	NV	6
VOLKSWAGEN NEW BEETLE	CA	2
VOLKSWAGEN PASSAT	WV	10
VOLKSWAGEN PASSAT	NM	6
VOLKSWAGEN PASSAT	WY	4
VOLKSWAGEN PASSAT	NV	2
VOLKSWAGEN PASSAT	OR	2
VOLKSWAGEN RABBIT	WI	2
VOLKSWAGEN ROUTAN	NM	6
VOLKSWAGEN ROUTAN	CA	2
VOLKSWAGEN ROUTAN	NV	2
VOLKSWAGEN SCIROCCO	MD	12
VOLKSWAGEN VAN	NY	6
VOLVO	NY	156
VOLVO	CA	66
VOLVO	IL	44
VOLVO	AK	36
VOLVO	NM	34
VOLVO 850	WY	6
VOLVO CARS	FL	6
VOLVO CHINA	MA	6
VOLVO DOUBLE DECKER	AK	2
VOLVO S40	NY	48
VOLVO S40	NV	8
VOLVO S40	NM	2
VOLVO S40	WV	2
VOLVO S80	NV	6
VOLVO S80	WV	2
VOLVO V70	OR	8
VOLVO V70	NV	6
VOLVO V70	AK	2
VOLVO V70	WY	2
WALDORF HONDA	WV	2
WALSER MAZDA	MN	2
WAVEFORM AUSTIN	TX	2
WAYNE MORGAN PHOTOGRAPHY	NM	2
WESTPORT MINI MAKER FAIRE	WV	6
WOCKET SMART WALLET	NY	12
YORK KIA	WY	2
ZEREX FORD	PA	6
