state,model,value
WA,CHRYSLER,4
WA,MORGAN OFFICE,6
WA,NISSAN GT-R,6
WA,ACURA,12
WA,VOLKSWAGEN,8
WA,NISSAN VERSA,2
WA,MITSUBISHI I,6
WA,MAYBACH,6
WA,ROLLS-ROYCE,6
WA,SUZUKI,2
WA,CHEVROLET,2
WA,HONDA ODYSSEY,2
WA,HONDA,8
WA,LEXUS,2
WA,TESLA ENERGY,2
WA,KIA SPECTRA,2
WA,SCION XA,6
WA,EAGLE BULK SHIPPING,6
WA,GMC ACADIA,2
WA,AUDI,22
WA,CHEVROLET SILVERADO,4
WA,SUBARU,6
WA,FORD,32
WA,BMW WELT,4
WA,MORGAN TEXTILES,2
WA,EAGLE CREEK SOFTWARE,6
WA,BUICK,2
WA,MORGAN ENGINEERING,2
WA,MORGAN STUDIOS,2
WA,JAGUAR LAND ROVER,2
WA,BMW,44
WA,ACURA CL,2
WA,HONDA CR-V,6
WA,BMW NORTHWEST,2
WA,NISSAN,8
WA,MINI FRANCE,2
WA,BUICK LESABRE,2
WA,GMC CANYON,6
WA,CADILLAC SEVILLE,2
WA,CADILLAC CTS,2
WA,VOLVO,6
WA,TOYOTA,42
WA,MAZDA,4
WA,AUDI Q7,2
WA,CROWN NISSAN,2
WA,KINDER MORGAN PIPELINE,2
WA,GMC SIERRA,4
WA,AMERICAN EAGLE OUTFITTERS,2
WA,AUDI A7,6
WA,SAAB 900,6
WA,GMC SAVANA,6
WA,KIA,8
WA,MORGAN INDUSTRIES,2
WA,SAAB 9-3,6
WA,CHEVROLET EXPRESS,6
WA,SHELBY PLATTS,2
WA,TOYOTA HIGHLANDER,6
WA,TOYOTA SEQUOIA,4
WA,SUBARU OUTBACK,4
WA,TESLA,32
DE,FORD,8
DE,CADILLAC,2
DE,TOYOTA,6
DE,KINDER MORGAN INC,12
DE,MORGAN HERITAGE,56
DE,BMW,14
DE,SHELBY GT350,6
DE,HONDA,6
DE,VOLVO,12
DE,NISSAN,6
DE,VOLKSWAGEN,2
DE,BENTLEY,12
DE,AUDI,0
DE,MERCURY,6
DE,MASERATI,6
WI,CHEVROLET CHEVELLE,2
WI,BMW,58
WI,HONDA,54
WI,CADILLAC,12
WI,BURDICK BMW,2
WI,CHEVROLET SILVERADO,22
WI,FORD,62
WI,MERCURY PARK LANE,2
WI,CADILLAC CTS,6
WI,MERCEDES-BENZ,14
WI,ACURA,6
WI,GMC SIERRA,6
WI,FORD PARTNER,6
WI,HONDA CR-V,6
WI,AUSTIN POWERS,2
WI,HYUNDAI ELANTRA,4
WI,TOYOTA CAMRY HYBRID,24
WI,KIA DEALERSHIP,2
WI,HONDA ODYSSEY,2
WI,NISSAN VERSA,0
WI,EAGLE,2
WI,SUBARU OUTBACK,2
WI,TESLA,30
WI,MASERATI SHOWROOM BUCHAREST,6
WI,VOLKSWAGEN GROUP,2
WI,VOLVO,12
WI,TESLA ENERGY,8
WI,INFINITI,8
WI,SOARING EAGLE CASINO,2
WI,AUDI A4,2
WI,MITSUBISHI,18
WI,MCLAREN,2
WI,NISSAN JUKE,6
WI,SUBARU,2
WI,LAMBORGHINI,2
WI,FERRARI,2
WI,ENDRAS BMW,2
WI,MITSUBISHI ECLIPSE,2
WI,KIA OPTIMA,2
WI,TESLA MOTORS,2
WI,CHEVORLET,6
WI,SCION XB,6
WI,DOLPHIN TOYOTA,2
WI,KIA SPORTAGE,12
WI,TOYOTA,92
WI,MASERATI,2
WI,FORD FLEX,2
WI,LEXUS RX,6
WI,AUDI,34
WI,DODGE,-4
WI,LEXUS,18
WI,NISSAN ALTIMA,2
WI,VOLKSWAGEN RABBIT,2
WI,MERCURY MOUNTAINEER,2
WI,BMW CANADA,2
WI,BRUSSELS MINI EUROPE,4
WI,NISSAN,8
WI,KIA,6
WI,VOLKSWAGEN,2
WI,MINI MANSIONS,2
WI,TOYOTA OWNERS,2
WI,HYUNDAI,24
WI,MERCEDES-BENZ VICTORIA STAR MOTORS,12
WI,FORD FREESTYLE,2
WI,BUICK,2
WI,AUSTIN USA,6
WI,FORD FOCUS,6
WI,FORD ESCAPE,4
WI,FORD TRANSIT,6
WI,TOYOTA SUPRA,12
WI,CHRYSLER,2
WI,CHRYSLER TOWN AND COUNTRY,18
WI,MITSUBISHI OUTLANDER,2
WI,CHEVROLET,4
WI,PONTIAC G6,2
WI,HJ PFAFF AUDI,2
WI,CHEVROLET COBALT,6
WI,LEXUS IS,2
WV,KIA AMANTI,2
WV,KIA SEDONA,2
WV,NISSAN MAXIMA,18
WV,CADILLAC RECORDS,6
WV,VOLKSWAGEN GOLF,6
WV,CADILLAC DEVILLE,2
WV,CHEVROLET SUBURBAN,6
WV,TOYOTA MATRIX,2
WV,NISSAN XTERRA,2
WV,AUDI ALLROAD,2
WV,SHULTS FORD,6
WV,DAVID FORD PRODUCTIONS,2
WV,SATURN OUTLOOK,2
WV,SHEEHY NISSAN,2
WV,CHRYSLER TOWN AND COUNTRY,16
WV,NISSAN,30
WV,VOLKSWAGEN,26
WV,BENTLEY CONTINENTAL GTC,6
WV,CHEVROLET SILVERADO,12
WV,CHEVROLET S-10,2
WV,DODGE CARAVAN,2
WV,CHEVROLET COLORADO,8
WV,FORD FOCUS,8
WV,EAGLE NATIONWIDE MORTGAGE COMPANY HUNTINGTON,2
WV,SATURN ION,2
WV,MAZDA MILLENIA,2
WV,CHRYSLER,28
WV,CADILLAC CTS,8
WV,DODGE CALIBER,16
WV,LEXUS SIMMONS,2
WV,LEXUS RX,4
WV,MERCURY,2
WV,DODGE SPRINTER CARGO,2
WV,KIA OPTIMA,2
WV,INFINITI G35,2
WV,CHEVROLET AVALANCHE,2
WV,CALDWELL TOYOTA,2
WV,TOYOTA RAV4,2
WV,AUDI MARKETING,6
WV,CADILLAC,12
WV,CHEVROLET TAHOE,14
WV,HONDA CR-V,8
WV,HYUNDAI,22
WV,CHEVROLET EXPRESS,6
WV,BENTLEY,8
WV,KIA,6
WV,SATURN L-SERIES,2
WV,MERCEDES,6
WV,WESTPORT MINI MAKER FAIRE,6
WV,AUDI,76
WV,RAM,6
WV,ACURA CL,2
WV,LAMBORGHINI,16
WV,CHEVROLET SECURITYHTTP,2
WV,CHEVROLET CAVALIER,6
WV,FORD RANGER,4
WV,VOLKSWAGEN EOS,2
WV,MITSUBISHI,58
WV,GMC ACADIA,2
WV,PRESTIGE VOLKSWAGEN,2
WV,FORD ESCAPE,10
WV,BMW,78
WV,PONTIAC TAP,2
WV,BMW 5 SERIES,2
WV,SUZUKI,-4
WV,BOURBON ADAMS MORGAN,2
WV,NISSAN PATHFINDER,10
WV,VOLVO,26
WV,ANTWERPEN HYUNDAI,2
WV,FAIRFAX HYUNDAI,2
WV,TESLA MOTORS,12
WV,CHEVROLET VENTURE,6
WV,LOTUS,0
WV,CHEVROLET EXPRESS CARGO,2
WV,PASSPORT BMW,22
WV,SUBARU,6
WV,MILLENNIUM HYUNDAI,2
WV,MERCURY SABLE,6
WV,NISSAN 240SX,2
WV,FORD FLEX,2
WV,SCION RESTAURANT,4
WV,SMART STYLE,6
WV,INFINITI,12
WV,MASERATI,4
WV,GIANT EAGLE SUPERMARKET,20
WV,CHEVROLET MALIBU,4
WV,VOLVO S40,2
WV,JEEP,2
WV,ACURA RL,2
WV,FERRARI,8
WV,NISSAN ALTIMA,14
WV,LOTUS 17,2
WV,DODGE CHARGER,2
WV,HONDA PILOT,2
WV,MERCEDES-BENZ,4
WV,MAZDA CX-5,6
WV,MAZDA CX-9,6
WV,HUMMER,2
WV,LEXUS,14
WV,ACURA MDX,2
WV,FIAT 500 ABARTH.,2
WV,NISSAN QUEST,6
WV,FORD MODELS MEN,4
WV,PONTIAC,24
WV,WALDORF HONDA,2
WV,RAMBLER,4
WV,FORD EXPLORER SPORT TRAC,12
WV,MINI MAUS,6
WV,FORD EXPEDITION,8
WV,HONDA,174
WV,GMC,16
WV,SATURN S-SERIES,6
WV,EAGLE BANCORP INC.,6
WV,HONDA ODYSSEY,18
WV,SHELBY GT500,0
WV,GMC SIERRA,14
WV,FORD FREESTYLE,8
WV,PORSCHE,6
WV,RJ BENTLEY,2
WV,VOLKSWAGEN GROUP OF AMERICA,6
WV,ADAMS MORGAN,12
WV,DODGE,8
WV,FIAT,2
WV,MCLAREN,6
WV,VOLKSWAGEN PASSAT,10
WV,MAZDA PROTEGE,8
WV,DODGE STRATUS,-8
WV,MAXWELL SMART,2
WV,FORD,150
WV,DODGE RAM CARGO,2
WV,BENTLEY SYSTEMS.,2
WV,ACURA TSX,2
WV,SUBARU OUTBACK,2
WV,NISSAN SENTRA,14
WV,JP MORGAN,6
WV,CHEVROLET TRAILBLAZER,6
WV,MITSUBISHI ENDEAVOR,6
WV,VOLVO S80,2
WV,TESLA,32
WV,FORD E-SERIES,6
WV,ACURA,20
WV,TOYOTA MOTOR MANUFACTURING TURKEY,4
WV,CHRYSLER BUILDING,2
WV,MAZDA MAZDA3,10
WV,CHEVROLET COBALT,2
WV,CADILLAC SEVILLE,2
WV,LEXUS LS,2
WV,BUICK,10
WV,GEO PRIZM,6
WV,SUBARU FORESTER,12
WV,AUDI A4,10
WV,MITSUBISHI GALANT,4
WV,NISSAN VERSA,2
WV,TESLA MOTORS INC.,2
WV,NISSAN LEAF ELECTRIC,2
WV,MAZDA,6
WV,FORD CROWN VICTORIA,8
WV,HYUNDAI SANTA FE,2
WV,VOLKSWAGEN NEW BEETLE,8
WV,HYUNDAI ELANTRA,-4
WV,TOYOTA OWNERS,2
WV,LINCOLN NAVIGATOR,2
WV,BERTHA MINI DRIVER,6
WV,TOYOTA,92
WV,POHANKA LEXUS,2
WV,TOYOTA SIENNA,4
WV,CHEVROLET,4
WV,BMW DRIVERS,2
WV,BUICK LESABRE,6
WV,CHRYSLER 200,6
WV,SUBARU TRIBECA,6
HI,DODGE JOURNEY,2
HI,LAMBORGHINI,2
HI,CADILLAC CTS.,2
HI,MASERATI,2
HI,FORD ESCAPE,6
HI,SMART FIT AEROPUERTO,2
HI,VOLKSWAGEN,2
HI,SMART FIT CIRCUITO AZTECA,6
HI,NISSAN ALTIMA,6
HI,VOLKSWAGEN NEW BEETLE,8
HI,HYUNDAI,4
HI,FERRARI,2
HI,MCLAREN,6
HI,FORD RANGER,2
HI,SCION XB,6
HI,OASIS SMART,2
HI,FORD,32
HI,ACURA,2
HI,PONTIAC MONTANA,6
HI,MAYBACH,6
HI,TESLA ENERGY,2
HI,FORD CUSTOM,6
HI,AUDI,-4
HI,MITSUBISHI,8
HI,LEXUS,34
HI,TESLA,6
FL,PORSCHE,2
FL,LEXUS CT,6
FL,ROLLS-ROYCE,6
FL,TOYOTA CAMRY HYBRID,2
FL,GMC ACADIA,2
FL,TOYOTA TUNDRA,2
FL,INFINITI G35,6
FL,HYUNDAI,24
FL,LAMBORGHINI AVENTADOR,2
FL,ACURA TL,10
FL,MITSUBISHI GALANT,6
FL,KIA SEDONA,4
FL,CHRYSLER NEW YORKER,2
FL,RAM,2
FL,BMW CCA,2
FL,TOYOTA T100,8
FL,JEEP WAGONEER,12
FL,BMW,72
FL,ACURA CL,2
FL,MITSUBISHI MIRAGE,6
FL,SATURN L-SERIES,6
FL,CURRY FORD,2
FL,FORD ENGINEER,6
FL,AUDI A6,6
FL,KIA RIO,6
FL,PONTIAC LEMANS,2
FL,ACURA RSX,6
FL,REGAL HONDA,2
FL,TOYOTA,60
FL,LINCOLN MARK LT,2
FL,DODGE CALIBER,12
FL,VOLVO CARS,6
FL,NISSAN ALTIMA,18
FL,MERCEDES-BENZ CORPORATE RUN,2
FL,INFINITI QX56,2
FL,MERCEDES-BENZ CORP,12
FL,AUSTIN KAYAK,6
FL,JEEP,14
FL,HUMMER,-2
FL,LAMBORGHINI,38
FL,INFINITI,26
FL,DODGE CARAVAN,2
FL,NISSAN VERSA,2
FL,SUBARU,2
FL,CHEVROLET,16
FL,GEO GROUP,4
FL,CHEVROLET TAHOE,12
FL,DODGE,0
FL,FORD LTD,6
FL,TOYOTA SUPRA,2
FL,MERCEDES-BENZ,16
FL,MERCURY,16
FL,TESLA MOTORS,14
FL,CHEVROLET TRAILBLAZER,2
FL,AUDI,66
FL,MCLAREN,2
FL,MASERATI,6
FL,FORD,124
FL,GUNTHER MAZDA,2
FL,VOLKSWAGEN,16
FL,NISSAN SENTRA,4
FL,MERCEDES-BENZ GLK-CLASS,8
FL,PRESTIGE VOLKSWAGEN MELBOURNE,12
FL,KIA MOTORS,6
FL,HONDA CR-V,2
FL,FERRARI,2
FL,KIA SPORTAGE,6
FL,SHELBY,6
FL,BUICK CENTURY,2
FL,HEADQUARTER HONDA,6
FL,CURRY FORD ROAD,2
FL,HONDA,42
FL,GEO,6
FL,BENTLEY,48
FL,TESLA,84
FL,EL TABLERO SMART,6
FL,FORD EXPEDITION,6
FL,MINI DOMO,12
FL,ACURA TSX,2
FL,TOYOTA OWNERS,8
FL,TOYOTA RAV4,10
FL,CHRYSLER TOWN AND COUNTRY,2
FL,OLDSMOBILE,2
FL,GMC SIERRA,12
FL,PRESTIGE VOLKSWAGEN,2
FL,CHEVROLET AVALANCHE,0
FL,ISUZU TROOPER,12
FL,FORD RANGER,4
FL,NISSAN FRONTIER,6
FL,LEXUS,18
FL,NISSAN,28
FL,NISSAN TITAN,6
FL,TOYOTA SIENNA,6
FL,TESLA ENERGY,6
FL,MERCEDES-BENZ C-CLASS,2
FL,LINCOLN NAVIGATOR,8
FL,GOLD EAGLE,6
FL,BUICK,8
FL,GMC ENVOY,2
FL,CHEVROLET MONTE CARLO,2
FL,LOTUS SMOKE SHOP,6
FL,MAZDA,8
FL,KIA FORTE,2
FL,AUSTIN POWERS,2
FL,1952 FORD,2
FL,CHEVROLET SILVERADO,16
FL,FORD CUSTOM,4
FL,TAMPA HONDA,2
FL,MAZDA CX-7,18
FL,BUICK RENDEZVOUS,2
FL,JEEP GRAND WAGONEER.,6
FL,SUZUKI FORENZA,6
FL,INFINITI FX35,6
FL,FORD TAURUS SHO,6
FL,PLYMOUTH ROAD RUNNER,6
FL,FORD ESCAPE,-2
FL,MERCURY TRACER,6
FL,CADILLAC SEVILLE,6
FL,CHEVROLET MALIBU,8
FL,CHRYSLER,-24
FL,FORD F-350,2
FL,HYUNDAI ELANTRA,8
FL,KIA,6
FL,EAGLE,6
FL,CHRYSLER PACIFICA,2
FL,CHRYSLER 200,2
FL,KIA RACING,2
FL,AMERICAN EAGLE OUTFITTERS,6
FL,CADILLAC,46
FL,FIAT,6
FL,GMC,6
FL,NISSAN PATHFINDER,2
FL,SATURN VUE,2
WY,FIAT CHRYSLER,0
WY,FORD MOTOR CO,2
WY,INFINITI,10
WY,MAZDA B-SERIES,6
WY,FORD FREESTYLE,6
WY,FORD FREESTAR,2
WY,MASERATI COUPE,6
WY,YORK KIA,2
WY,MITSUBISHI,6
WY,GMC,12
WY,LEXUS RX,6
WY,HONDA BLOOMFIELD,6
WY,BUGATTI,2
WY,CHEVROLET TAHOE,10
WY,DODGE CARAVAN,-2
WY,HYUNDAI ELANTRA,10
WY,LINCOLN NAVIGATOR,2
WY,CHEVROLET MALIBU,2
WY,AUDI S6,6
WY,AUDI S4,6
WY,MERCURY MARINER,6
WY,GEO TRACKER,6
WY,MERCURY GRAND MARQUIS,2
WY,FORD MOTOR,6
WY,MERCEDES-BENZ C-CLASS,6
WY,CHEVROLET COLORADO,2
WY,BMW,58
WY,CHRYSLER,8
WY,LAMBORGHINI,2
WY,TESLA VENTURES,2
WY,CHEVROLET,8
WY,CHEVROLET TRAILBLAZER,8
WY,DODGE CALIBER,2
WY,MERCURY MOUNTAINEER,2
WY,CHRYSLER PRODUCT DESIGN OFFICE,6
WY,PLYMOUTH FARMERS,2
WY,GEO,2
WY,NISSAN ALTIMA,24
WY,HYUNDAI,14
WY,ISUZU,6
WY,FORD ESCAPE,2
WY,HONDA CR-V,14
WY,FORD E-SERIES,2
WY,PORSCHE,4
WY,TESLA,22
WY,SUBARU FORESTER,6
WY,PONTIAC GRAND AM,4
WY,MORGAN MOTORCYCLE SHOP,8
WY,CJ WILSON MAZDA,2
WY,VOLKSWAGEN NEW BEETLE,2
WY,VOLVO 850,6
WY,DODGE,8
WY,TOYOTA WILL,2
WY,INFINITI FX35,2
WY,MORGAN MANUFACTURING,14
WY,NISSAN SENTRA,2
WY,CADILLAC CTS,4
WY,CHRYSLER TOWN AND COUNTRY,4
WY,MORGAN MFG.,2
WY,SUBARU,2
WY,ACURA,4
WY,SUZUKI FORENZA,4
WY,SATURN ION,4
WY,FORD MOTOR COMPANY,6
WY,SUZUKI,2
WY,VOLKSWAGEN,10
WY,AUDI,16
WY,MERCEDES-BENZ,6
WY,CHEVROLET SILVERADO,12
WY,CADILLAC RECORDS,6
WY,ACURA TL,2
WY,TOYOTA OWNERS,6
WY,SHELBY GT350,4
WY,FIAT,6
WY,HONDA HR-V,2
WY,MITSUBISHI LANCER EVOLUTION,6
WY,HONDA PILOT,0
WY,MAZDA CX-5,2
WY,JEEP,2
WY,MAZDA,10
WY,NISSAN GT-R,2
WY,GMC ACADIA,12
WY,FORD,86
WY,VOLVO,6
WY,CHEVROLET S-10,2
WY,CADILLAC,14
WY,JAGUAR S-TYPE,6
WY,NISSAN,34
WY,HONDA ODYSSEY,4
WY,CHEVORLET,-2
WY,TOYOTA SIENNA,6
WY,PONTIAC VIBE,2
WY,APTERA SOFTWARE,2
WY,FORD MOTOR CO.,0
WY,GMC SIERRA,6
WY,FORD F-350,20
WY,VOLKSWAGEN GTI,6
WY,DODGE JOURNEY,2
WY,SATURN S-SERIES,8
WY,VOLKSWAGEN PASSAT,4
WY,HONDA,90
WY,HYUNDAI AZERA,8
WY,PLYMOUTH ROCK ASSURANCE CORPORATION,6
WY,MCLAREN,8
WY,BENTLEY,2
WY,CHEVROLET SUBURBAN,4
WY,BUICK,4
WY,MITSUBISHI ECLIPSE,6
WY,FORD BRONCO,6
WY,SATURN VUE,6
WY,TACOMA LINCOLN,2
WY,GMC SONOMA,2
WY,FORD PRODUCT DEVELOPMENT CENTER,6
WY,LYONS TOYOTA,6
WY,BMW 5 SERIES,2
WY,VOLVO V70,2
WY,CHRYSLER LLC,2
WY,PONTIAC,16
WY,LEXUS,14
WY,KIA,-4
WY,TOYOTA,18
WY,KIA FORTE,6
WY,FIAT CHRYSLER AUTOMOBILES,0
WY,LINCOLN MKZ,6
NH,DODGE,2
NH,TOYOTA OWNERS,12
NH,CHRYSLER,2
NH,MINI,0
NH,VOLKSWAGEN,2
NH,AUDI,2
NH,JEEP,2
NH,VOLVO,16
NH,GORTONSSEAFOOD SMART,6
NH,TOYOTA,12
NH,TESLA,8
NH,FERRARI,6
NJ,ROLLS-ROYCE,2
NJ,VOLKSWAGEN,12
NJ,FREDDIE MERCURY,6
NJ,TOYOTA RAV4,2
NJ,VOLVO,8
NJ,AUDI,18
NJ,PORSCHE,6
NJ,BENTLEY,14
NJ,FIAT,2
NJ,KIA,8
NJ,HYUNDAI,6
NJ,ROLLS-ROYCE MOTOR CARS,6
NJ,DAEWOO,2
NJ,JAGUAR,12
NJ,CHRYSLER,2
NJ,SUZUKI,14
NJ,BMW,70
NJ,AUSTIN USA,6
NJ,FORD,10
NJ,TOYOTA SUPRA,2
NJ,LAMBORGHINI,10
NJ,ACURA,2
NJ,TESLA,72
NJ,BUICK,4
NJ,GEO GROUP,6
NJ,TESLA VENTURES,2
NJ,SUBARU,2
NJ,HYUNDAI ELANTRA,2
NJ,MAYBACH MONEY BEYER,6
NJ,LEXUS,12
NJ,FORD ESCAPE,6
NJ,CHEVROLET COBALT,6
NJ,HONDA ODYSSEY.,6
NJ,PRESTIGE VOLVO,2
NJ,HONDA,32
NJ,FERRARI,26
NJ,TOYOTA,12
NM,VOLVO S40,2
NM,MERCURY SABLE,6
NM,SCION,10
NM,NISSAN ROGUE,2
NM,MORGAN CRAFT,2
NM,HONDA CR-V,20
NM,DODGE,0
NM,CHRYSLER,4
NM,CHEVROLET SILVERADO,60
NM,PONTIAC,14
NM,CHEVROLET UPLANDER,6
NM,CHEVROLET MALIBU,8
NM,PONTIAC MONTANA,2
NM,SUBARU OUTBACK,6
NM,DODGE JOURNEY,6
NM,UN FORD MUSTAN,2
NM,VOLKSWAGEN NEW BEETLE,2
NM,MITSUBISHI ECLIPSE,12
NM,SHELBY,6
NM,NISSAN,30
NM,PLYMOUTH WATER EXTRACTION,2
NM,GMC ENVOY XL,6
NM,FORD RANGER,10
NM,LEXUS RX,2
NM,GMC,12
NM,CADILLAC DEVILLE,2
NM,JEEP,4
NM,TESLA MOTORS,4
NM,FORD FESTIVA,2
NM,LAMBORGHINI,-4
NM,FORD ESCAPE,0
NM,FORD CROWN VICTORIA,2
NM,MINI CITY MARKETPLACE,2
NM,NISSAN SENTRA,24
NM,SUZUKI,8
NM,HONDA STORE,6
NM,HONDA ODYSSEY,10
NM,MERCEDES-BENZ HATAY,2
NM,CHEVROLET TAHOE,30
NM,CHRYSLER TOWN AND COUNTRY,8
NM,CHEVROLET COBALT,8
NM,AUDI,16
NM,SMART BANK,2
NM,BENTLEY,18
NM,TOYOTA TUNDRA,6
NM,MAZDA PROTEGE,6
NM,NISSAN ALTIMA,22
NM,SHELBY GT500,2
NM,KIA MOTORS,2
NM,VOLKSWAGEN ROUTAN,6
NM,KIA,12
NM,SOUTH AUSTIN BREWERY,2
NM,HONDA,114
NM,CHEVROLET COLORADO,2
NM,KIA SPORTAGE,2
NM,NT FORD DEALERS,2
NM,MERCEDES-BENZ C-CLASS,10
NM,CADILLAC XLR,12
NM,FERRARI,0
NM,TESLA STORE,2
NM,SAAB 9-3,4
NM,FIAT,2
NM,MARKS MITSUBISHI,2
NM,CADILLAC,2
NM,LEXUS LX,2
NM,CHEVROLET EXPRESS,4
NM,GMC ENVOY,12
NM,WAYNE MORGAN PHOTOGRAPHY,2
NM,MAZDA,18
NM,MITSUBISHI MIRAGE,10
NM,FREE EAGLE,2
NM,DODGE RAM CARGO,2
NM,GMC ACADIA,4
NM,JAGUAR S-TYPE,2
NM,BOMMARITO BUICK,6
NM,GOCHIE FORD,4
NM,JAGUAR LAND ROVER BIRMINGHAM,2
NM,DODGE CALIBER,2
NM,AUSTIN BEAD CO.,6
NM,NISSAN MAXIMA,8
NM,SATURN L-SERIES,2
NM,INFINITI,22
NM,TESLA,12
NM,CADILLAC CTS,4
NM,BUICK RENDEZVOUS,6
NM,SCPRSA MERCURY AWARDS,2
NM,VOLKSWAGEN CC,6
NM,TOYOTA SIENNA,2
NM,MITSUBISHI OUTLANDER,8
NM,CHEVORLET,6
NM,AUDI A8,2
NM,AUDI A4,8
NM,SMART CLUB,6
NM,CHEVROLET CAVALIER,8
NM,ROLLS-ROYCE,2
NM,MERCURY MOUNTAINEER,2
NM,KIA SPECTRA,4
NM,SATURN VUE,8
NM,CHEVROLET S-10,4
NM,FORD LTD CROWN VICTORIA,6
NM,VOLVO,34
NM,FORD TRANSIT CONNECT CARGO,2
NM,NISSAN PATHFINDER,2
NM,LINCOLN BREWING CO.,4
NM,TOYOTA MATRIX,2
NM,SATURN ION,2
NM,FORD GALAXIE.,2
NM,SATURN BIRMINGHAM,2
NM,TOYOTA HIGHLANDER,8
NM,MITSUBISHI GALANT,2
NM,BUICK,4
NM,GEO GROUP,6
NM,CHEVROLET,6
NM,FORD FOCUS,2
NM,NISSAN TITAN,8
NM,CADILLAC SEVILLE,6
NM,SMART SHOW,6
NM,FORD EXPEDITION,14
NM,MITSUBISHI,18
NM,KIA OPTIMA,16
NM,BMW,110
NM,MAZDA TRIBUTE,2
NM,HYUNDAI,10
NM,ACURA,2
NM,LEXUS IS,2
NM,SMART RESTAURANT GROUP,74
NM,BUICK LESABRE,4
NM,FORD MUSTANG MACH 1,6
NM,SUSAN SCHEIN CHEVROLET,2
NM,ISUZU AMIGO,6
NM,OLDSMOBILE CUTLASS CIERA,2
NM,JEEP WRANGLER SAHARA,6
NM,HONDA PILOT,8
NM,MERCURY MISSION,2
NM,PONTIAC GRAND AM,2
NM,CHRYSLER 200,14
NM,TESLA VENTURES,2
NM,LEXUS,24
NM,NISSAN FRONTIER,14
NM,BUICK CENTURY,8
NM,FORD,208
NM,NISSAN QUEST,8
NM,MCLAREN,8
NM,SATURN SKY,8
NM,SMART CITY,2
NM,HENNESSY CADILLAC DULUTH,2
NM,FORD KNOX,6
NM,CHEVROLET VENTURE,2
NM,NISSAN MOTOR ACCEPTANCE CORPORATION,6
NM,MERCEDES-BENZ,6
NM,NISSAN ARMADA,2
NM,TOYOTA CAMRY HYBRID,6
NM,TOYOTA SEQUOIA,4
NM,HYUNDAI ELANTRA,8
NM,ACURA MDX,8
NM,HYUNDAI SANTA FE,6
NM,HEARTLAND HONDA,2
NM,FORD EXPLORER SPORT TRAC,12
NM,CHEVROLET TRAILBLAZER,22
NM,TOYOTA,108
NM,CREST INFINITI,2
NM,AMERICAN EAGLE OUTFITTERS,4
NM,CREST HONDA,2
NM,VOLKSWAGEN EOS,2
NM,FORD AEROSTAR,6
NM,ROCA HONDA MINE,2
NM,FORD FLEX,2
NM,PONTIAC G8,2
NM,FORD DETAIL,4
NM,VOLKSWAGEN PASSAT,6
NM,NISSAN XTERRA,28
NM,TOYOTA RAV4,2
NM,REYNOLDS FORD,2
TX,AUSTIN METRO,12
TX,INFINITI FX35,6
TX,CADILLAC TAX,2
TX,FORD CARS,2
TX,DIGI AUSTIN,2
TX,PERMIAN GEO MARKET,2
TX,AUDI,62
TX,CHEVROLET MONTE CARLO,2
TX,CROWLEY KIA,6
TX,HAWKINSON NISSAN,2
TX,TESLA MOTORS,6
TX,AUSTIN FOOD,30
TX,AUDI S4,12
TX,AUSTIN JAVA COMPANY,2
TX,HYUNDAI,38
TX,EAGLE FORD PERMITS,2
TX,LUSH COSMETICS AUSTIN,2
TX,FORD CHINA,2
TX,BMW,50
TX,MERCURY,2
TX,AUSTIN FLOWER COMPANY,6
TX,VOLKSWAGEN,6
TX,RAM VASUDEV,6
TX,FORD,76
TX,HYUNDAI SANTA FE,6
TX,SOUTH AUSTIN,4
TX,HONDA ODYSSEY,6
TX,HUMMER,2
TX,CHEVROLET SILVERADO,12
TX,FORD ESCAPE,2
TX,AUSTIN TORTILLA CO.,12
TX,CHEVROLET TAHOE,6
TX,TIPSYCAEK SMART,6
TX,EAGLE FORD,2
TX,MASERATI,0
TX,TOYOTA OWNERS,6
TX,FORD E-SERIES,2
TX,CHEVROLET MALIBU,6
TX,FORD EXPEDITION,22
TX,STREATER SMITH NISSAN,18
TX,TOYOTA HIGHLANDER,6
TX,SMART WOMEN ENTREPRENEURS,2
TX,LAMBORGHINI,32
TX,MITSUBISHI,18
TX,BUGATTI,2
TX,PORSCHE,6
TX,AUSTIN ENERGY,16
TX,JEEP,20
TX,FIXE AUSTIN,2
TX,FORD FLEX,2
TX,CADILLAC DEVILLE,8
TX,INFINITI,22
TX,CHRYSLER,14
TX,BENTLEY,24
TX,PREMIER HONDA,2
TX,SMART RESTAURANT GROUP,82
TX,MAZDA,10
TX,CHEVROLET,8
TX,FERRARI,0
TX,KIA,34
TX,DODGE,18
TX,CADILLAC BAR SA,2
TX,MINI ASIAN INSPIRED CAKES,6
TX,FORD EXPLORER SPORT TRAC,6
TX,SATURN S-SERIES,4
TX,LOTUS,2
TX,MAZDA TRIBUTE,6
TX,AUSTIN BEER GARDEN BREWING COMPANY,4
TX,DODGE JOURNEY,6
TX,TOYOTA TUNDRA,18
TX,HOLDEN,6
TX,TOYOTA,70
TX,HONDA,60
TX,LEXUS,28
TX,TESLA,60
TX,NISSAN ALTIMA,2
TX,GMC,0
TX,ACURA,16
TX,AUSTIN VINTAGE GUITARS,2
TX,NISSAN,2
TX,SAAB,2
TX,FIAT,2
TX,ADESA AUSTIN,10
TX,MAZDA MAZDA3,2
TX,CADILLAC CTS,2
TX,TOYOTA BODY SHOP,6
TX,GMC SIERRA,8
TX,NISSAN TITAN,2
TX,CADILLAC,38
TX,WAVEFORM AUSTIN,2
TX,BUICK,2
TX,SEAFOOD SMART,14
TX,VIVA FORD,2
TX,TOYOTA SIENNA,6
TX,AUSTIN GROUP,6
TX,VOLVO,26
TX,MERCEDES-BENZ,8
TX,INFINITI G35,14
TX,HONDA PASSPORT,6
TX,LIC AUSTIN,-6
TX,STUDEBAKER,2
TX,SUZUKI,18
TX,THE FORD MOTOR COMPANY,8
TX,SAAB 9-3,6
TX,GMC ACADIA,2
TX,AUSTIN POWERS,6
TX,AUSTIN SPEED SHOP,6
TX,FORD TRUCK,6
TX,AUDI A4,2
TX,PONTIAC REV COLLECTORS,6
TX,HENDRICK VOLKSWAGEN,6
TX,SMART POWER SYSTEMS,2
TX,GMC ENVOY,6
LA,JAGUAR,2
LA,KIA,12
LA,MORGAN CITY,2
LA,MERCEDES-BENZ,50
LA,EAGLE TELEMEDICINE,6
LA,BMW,4
LA,AUDI,2
LA,CADILLAC,2
LA,TOYOTA SUPRA,2
LA,TOYOTA,18
LA,TESLA,6
LA,SAAB,6
AK,MERCEDES-BENZ,2
AK,SMART,2
AK,MERCEDES,6
AK,BENTLEY,38
AK,HYUNDAI,6
AK,LEXPOINT AUDI,2
AK,HONDA,54
AK,MAZDA LEEDS,2
AK,FREDDIE MERCURY,2
AK,TESLA,16
AK,LEXUS IS,6
AK,FIAT PUNTO,2
AK,VOLVO DOUBLE DECKER,2
AK,VOLVO V70,2
AK,MINI COUNTRYMAN,2
AK,BMW,82
AK,SAAB 9000,6
AK,MCLAREN,6
AK,FORD MOTOR COMPANY,6
AK,TOYOTA,42
AK,AUDI,80
AK,JAGUAR LAND ROVER,4
AK,CHEVROLET,6
AK,HUMMER,6
AK,AUSTIN ALLEGRO,8
AK,LINCOLN,2
AK,CITROEN,20
AK,VOLVO,30
AK,SUBARU,4
AK,FERRARI,12
AK,FORD RANGER,8
AK,BENTLEY MOTORS,6
AK,NISSAN MANUFACTURING RUS,6
AK,LINCOLN BARONS,2
AK,MINI,6
AK,AUDI USA,2
AK,MAZDA MX-5,10
AK,BUICK VERANO,6
AK,MITSUBISHI,22
AK,NISSAN,22
AK,FORD,46
AK,DODGE,2
AK,LAMBORGHINI,2
AK,MAZDA,0
AK,DODGE CARAVAN,6
AK,AUDI A4,6
AK,TOYOTA OWNERS,2
AK,KIA OPTIMA,2
AK,RAM,2
AK,VOLKSWAGEN,38
AK,BMW 5 SERIES,2
AK,PAUL RIGBY VOLVO,2
AK,TESLA ENERGY,10
AK,FORD CORTINA,2
AK,SUBARU FORESTER,2
AK,TESLA MOTORS,6
AK,MERCURY,14
NC,TESLA MOTORS,6
NC,VOLKSWAGEN,2
NC,CADILLAC,12
NC,LEXUS,6
NC,MERCURY MARINE PRO,12
NC,MERCEDES-BENZ C-CLASS,2
NC,VOLVO,-4
NC,LEXUS RX,6
NC,HONDA,28
NC,FORD,34
NC,TOYOTA,6
NC,MERCURY MARINE,12
NC,CHEVROLET,6
NC,KIA,12
NC,TESLA,20
NC,JEEP GRAND WAGONEER,12
NC,TOYOTA OWNERS,6
NC,LAMBORGHINI,6
NC,NISSAN,6
NC,BMW,30
NC,CHEVORLET,12
NC,AUDI,28
NC,JEEP,2
ND,FIAT CHRYSLER,6
ND,FORD,2
ND,FERRARI,12
ND,IOT SMART TECHNOLOGIES,6
NE,PONTIAC,4
NE,CHEVROLET SILVERADO,2
NE,ACURA,2
NE,TESLA,8
NE,HONDA,28
NE,TOYOTA,14
NE,AUDI,12
NE,BMW FINANCIAL SERVICES,4
NE,LINCOLN AT SCHULZ TRANSPORTATION SERVICES,6
NE,SUBARU,2
NE,BENTLEY,0
NE,CHEVROLET AVALANCHE,2
NE,LEXUS IS,6
NE,TOYOTA SIENNA,18
NE,TOYOTA HIGHLANDER,6
NE,FORD,12
NE,LINCOLN,8
NE,HONDA CR-V,6
NE,SCION XB,2
NE,FORD F-350,6
TN,BMW,18
TN,CHEVROLET,6
TN,TESLA MOTORS,6
TN,LAMBORGHINI,12
TN,NEPAL SHRI RAM BARAN YADAV,12
TN,TESLA,6
TN,AUDI,2
TN,BENTLEY,8
TN,KIA,2
TN,FORD,8
TN,MERCURY,14
TN,CHEVORLET,6
TN,VOLKSWAGEN,6
NY,SAAB,88
NY,HONDA CIVIC HYBRID,6
NY,CHEVROLET SUBURBAN,116
NY,MITSUBISHI OUTLANDERF604,6
NY,EAGLE USA,2
NY,JEEP,230
NY,INFINITI,222
NY,CHEVROLET CORVETTE CONVERTIBLE,2
NY,FORD XB FALCON,12
NY,GMC SIERRA,134
NY,FORD SIERRA,4
NY,TESLA MOTORS,-4
NY,BYD,6
NY,MORGAN DOLLAR DESIGN,426
NY,DODGE CORONET,222
NY,FORD GALAXIE 500,6
NY,DODGE CARAVAN,550
NY,VOLKSWAGEN GTI,12
NY,TESLA MOTORS INC.,6
NY,DAEWOO,270
NY,MINI,12
NY,STUDEBAKER,8
NY,LEXUS IS,6
NY,HONDA ODYSSEY,140
NY,ROLLS-ROYCE,18
NY,AMERICAN EAGLE,84
NY,AMERICAN GOLD EAGLE,12
NY,PORSCHE,14
NY,FERRARI 330,120
NY,AUSTIN BEAD CO.,6
NY,VOLVO,96
NY,LINCOLN ZEPHYR,6
NY,FIAT,52
NY,BMW E46,202
NY,FORD FOCUS WRC,106
NY,FORD MUSTANG BOSS 429,4
NY,FIAT PANDA,42
NY,VOLVO S40,48
NY,BENTLEY,132
NY,STUDEBAKER LIGHT SIX,8
NY,TESLA ENERGY,40
NY,PLYMOUTH BELVEDERE,102
NY,FORD,4010
NY,JAGUAR,50
NY,FORD TRANSIT,30
NY,STUDEBAKER PRESIDENT,48
NY,SHELBY GT350,12
NY,TESLA MOTORS INC,24
NY,ACURA,84
NY,HONDA,1068
NY,VOLKSWAGEN DELIVERY VANS,4
NY,TOYOTA OWNERS,6
NY,FORD F-350,8
NY,MERCURY SYSTEMS,6
NY,LOTUS EXPERIMENTS,6
NY,MCLAREN,12
NY,MORGAN SILVER DOLLAR,40
NY,DODGE,-1368
NY,ACURA ILX,6
NY,CHRYSLER LHS,12
NY,HONDA NSX,12
NY,JEEP GRAND WAGONEER,24
NY,LOTUS CORTINA,296
NY,SUZUKI,214
NY,MERCURY,46
NY,LEXUS LS,2
NY,MINI CLUBMAN,22
NY,FORD MUSTANG MACH 1,2
NY,AUDI A4,34
NY,FORD CUSTOM,4
NY,DODGE SPRINTER,4
NY,STUDEBAKER GOLDEN HAWK,144
NY,HONDA ELEMENT,88
NY,SCION,26
NY,MAZDA CX-5,12
NY,BUGATTI,2
NY,HERPA BOLEY GMC INTERNATIONAL UTILITY,2
NY,MITSUBISHI HEAVY INDUSTRIES,6
NY,SUZUKI GRAND VITARA,126
NY,FORD RANGER,210
NY,PONTIAC STAR CHIEF,152
NY,PLYMOUTH BARRACUDA,2
NY,FERRARI TRUCK,6
NY,FERRARI,326
NY,TOYOTA RSC,6
NY,CHEVORLET,58
NY,BUICK,216
NY,FORD TRACTOR,6
NY,VOLKSWAGEN,170
NY,ACURA LEGEND,76
NY,CADILLAC CTS,110
NY,BMW 5 SERIES,6
NY,FERRARI SUPERCARS,2
NY,FERRARI 250,144
NY,GEO,6
NY,MERCURY COMET,52
NY,AUDI,336
NY,HEALEY KIA,2
NY,LEXUS,210
NY,LOTUS,84
NY,TESLA VENTURES,16
NY,SHELBY,8
NY,VOLKSWAGEN VAN,6
NY,EAGLE,106
NY,FORD BRONCO,26
NY,1955 FORD,106
NY,KIMO BENTLEY SKINCARE,6
NY,LAMBORGHINI,194
NY,FORD ZEPHYR,4
NY,MORGAN,226
NY,PONTIAC,280
NY,FORD INVESTORS,12
NY,HUMMER,150
NY,CADILLAC FLEETWOOD BROUGHAM,2
NY,BMW 330,10
NY,CADILLAC,294
NY,MERCEDES-BENZ,258
NY,HONDA INSIGHT,6
NY,PLYMOUTH ROAD RUNNER,-102
NY,FORD MOTOR CO.,6
NY,NISSAN,350
NY,MITSUBISHI,392
NY,KIA MOTORS AMERICA,6
NY,EAGLE HEAD,48
NY,MITSUBISHI CHALLENGER,6
NY,CHEVROLET EXPRESS,142
NY,CHEVROLET CHEVELLE,12
NY,CHRYSLER,-302
NY,MAYBACH MUSIC,2
NY,BMW 650,46
NY,PLYMOUTH ROCK ENERGY,6
NY,SMART AGE SOLUTIONS,2
NY,FORD ANGLIA,12
NY,MERCURY OUTBOARD,16
NY,KIA RACING,2
NY,BMW PERFORMANCE CENTER,2
NY,INFINITI FX35,66
NY,CHEVROLET,1854
NY,DODGE CHARGER 500,6
NY,MORGAN STANLEY,6
NY,CADILLAC DEVILLE,12
NY,AMERICAN EAGLE OUTFITTERS,362
NY,JP MORGAN CHASE,28
NY,FERRARI 348,44
NY,AUTOMOBILI LAMBORGHINI,8
NY,MITSUBISHI TRITON,6
NY,SILVER MORGAN DOLLARS,2
NY,DODGE AIRFLOW BANK COLLECTORS,2
NY,MAZDA,48
NY,OLDSMOBILE 442,2
NY,HYUNDAI CAPITAL AMERICA,6
NY,FORD FOCUS TITANIUM,24
NY,FIAT CHRYSLER,4
NY,FORD MODELS,2
NY,HYUNDAI,150
NY,KIA,20
NY,MICKEY MINI,18
NY,TOYOTA SUPRA,66
NY,FORD CORTINA,76
NY,SWISS EAGLE WATCHES,12
NY,BMW,1562
NY,MORGAN DOLLAR,66
NY,SUBARU XT,6
NY,FERRARI 365,2
NY,SILVER AMERICAN EAGLE,6
NY,GMC,354
NY,FORD MOTOR CO,30
NY,SUBARU FORESTER,16
NY,WOCKET SMART WALLET,12
NY,FORD PUMA,42
NY,EAGLE BULK SHIPPING,6
NY,SUBARU,96
NY,BENTLEY CONTINENTAL GT,100
NY,CITROEN,32
NY,SMART TV,6
NY,LINCOLN ELECTRIC PRECISION,60
NY,TOYOTA TUNDRA,4
NY,1937 FORD,6
NY,TOYOTA,1150
NY,KIA SPECTRA,6
NY,TESLA,210
PA,PONTIAC,6
PA,INFINITI,6
PA,MITSUBISHI,2
PA,TESLA,12
PA,TOYOTA,2
PA,LAMBORGHINI,12
PA,ZEREX FORD,6
PA,HOLDEN,4
PA,MAZDA,2
PA,KIA,6
PA,FERRARI,8
PA,FORD,4
PA,MERCEDES-BENZ,6
PA,SHELBY GT500,2
PA,BMW I,2
PA,BMW,26
PA,HONDA,6
RI,CADILLAC,6
RI,TESLA,2
RI,BMW,8
RI,LAMBORGHINI,18
RI,BENTLEY,6
RI,CHRYSLER,6
RI,FORD MUSTANG MACH 1.,6
RI,FORD,2
RI,AUDI,20
RI,LEXUS,6
RI,VOLKSWAGEN,6
NV,MITSUBISHI,8
NV,RAM,6
NV,CHEVROLET ASTRO,2
NV,TESLA,16
NV,LEXUS,32
NV,CADILLAC DEVILLE,8
NV,KIA SPORTAGE,2
NV,MITSUBISHI ECLIPSE,2
NV,VOLVO V70,6
NV,AUSTIN USA,6
NV,TESLA MOTORS,12
NV,PONTIAC,20
NV,CHRYSLER IMPERIAL,2
NV,SILVERTHORNE SUBARU,12
NV,GMC TERRAIN,6
NV,BENTLEY,-4
NV,MAYBACH,2
NV,ACURA MDX,4
NV,CHEVROLET CAVALIER,4
NV,TOYOTA MOTOR MANUFACTURING INDIANA,8
NV,ASIA FORD,2
NV,TOYOTA TUNDRA,6
NV,KINGS HONDA,6
NV,TOYOTA OWNERS,2
NV,VOLKSWAGEN ROUTAN,2
NV,JEEP,4
NV,VOLKSWAGEN NEW BEETLE,6
NV,INFINITI,2
NV,TOYOTA HIGHLANDER,10
NV,TOYOTA,86
NV,FORD F-350,2
NV,PONTIAC VIBE,6
NV,VOLVO,8
NV,ACURA INTEGRA,6
NV,CADILLAC SEVILLE,2
NV,KIA RIO,6
NV,AUDI S4,8
NV,CADILLAC CTS,2
NV,FORD FOCUS,2
NV,CHEVROLET TAHOE,10
NV,TOYOTA RAV4,2
NV,HYUNDAI ELANTRA,4
NV,SUBARU,2
NV,TOYOTA SIENNA,12
NV,HYUNDAI SANTA FE,2
NV,BMW,18
NV,FORD RANGER,4
NV,MERCURY SABLE,6
NV,CADILLAC,6
NV,NISSAN MAXIMA,4
NV,CHRYSLER PACIFICA,2
NV,CHRYSLER TOWN AND COUNTRY,4
NV,PEEK SHELBY,2
NV,CHRYSLER,16
NV,CHEVROLET COLORADO,6
NV,VOLKSWAGEN PASSAT,2
NV,LINCOLN NAVIGATOR,2
NV,SHELBY GT350,6
NV,HONDA PILOT,2
NV,LEXUS IS,4
NV,CHEVROLET SILVERADO,18
NV,CHEVROLET AVALANCHE,12
NV,FERRARI,8
NV,CHEVROLET,14
NV,MAZDA,0
NV,FORD ESCAPE,2
NV,HONDA,48
NV,VOLVO S40,8
NV,VOLKSWAGEN,2
NV,SCION,2
NV,NISSAN TITAN,2
NV,SAAB 9-3,2
NV,SUZUKI FORENZA,6
NV,BUICK,16
NV,NISSAN JUKE,2
NV,JAGUAR S-TYPE,2
NV,AUDI,36
NV,BUICK LESABRE,6
NV,NISSAN,4
NV,NISSAN SENTRA,4
NV,CHEVROLET MALIBU,6
NV,MINI COOPER,2
NV,NISSAN ALTIMA,12
NV,TEAM FORD LINCOLN,4
NV,CHRYSLER VOYAGER,2
NV,HONDA CR-V,4
NV,GMC,24
NV,FORD FREESTYLE,2
NV,PONTIAC G6,2
NV,HYUNDAI,16
NV,LAMBORGHINI,8
NV,LEXUS RX,6
NV,KIA SPECTRA,8
NV,FORD EXPLORER SPORT TRAC,6
NV,GMC SIERRA,6
NV,VOLVO S80,6
NV,TOYOTA PRODUCTION ENGINEERING,2
NV,NISSAN FRONTIER,18
NV,NISSAN PATHFINDER,4
NV,FORD,44
VA,NISSAN,2
VA,EAGLE BANCORP,6
VA,TOYOTA,2
VA,TESLA MOTORS,2
VA,FORD,6
VA,AUDI,-4
VA,FERRARI,12
VA,HONDA,10
VA,BMW,26
VA,RYGUY MINI,2
VA,TOYOTA OWNERS,18
VA,TESLA,2
VA,HYUNDAI,8
VA,CAPRESSO MINI DRIP,6
VA,BMW OPEN,2
VA,JAGUAR,6
VA,STUDEBAKER LAND CRUISER,2
VA,DODGE,6
CO,TOYOTA WILL,6
CO,FORD,10
CO,MCLAREN,2
CO,AUDI,8
CO,VOLKSWAGEN,6
CO,NISSAN,6
CO,TESLA,0
CO,DODGE CARAVAN,6
CO,MERCEDES-BENZ,8
CO,INFINITI,6
CO,PONTIAC,6
CO,HONDA,8
CO,CADILLAC,6
CO,MINI MANSIONS,12
CO,TOYOTA,42
CO,CHEVROLET,6
CO,CHRYSLER,6
CO,TESLA ENERGY,6
CO,BMW,14
CA,SATURN S-SERIES,12
CA,NISSAN VERSA,6
CA,HYUNDAI,16
CA,PONTIAC MONTANA,2
CA,FORD EXPEDITION,6
CA,VOLKSWAGEN GOLF,2
CA,HONDA CR-V,16
CA,TESLA TECHNOLOGY,2
CA,CHEVROLET MALIBU,8
CA,VOLVO,66
CA,SATURN AURA,6
CA,MERCEDES-BENZ,2
CA,SUZUKI SWIFT,6
CA,NISSAN SENTRA,6
CA,FORD MOTOR,2
CA,BMW I,4
CA,GALPIN HONDA SERVICE,2
CA,MERCEDES-BENZ SL-CLASS,2
CA,MITSUBISHI ELECTRIC US,2
CA,ACURA TL,10
CA,CADILLAC XTS,4
CA,TOYOTA CAMRY HYBRID,6
CA,BLUE LOTUS VIETNAMESE CUISINE,2
CA,MINI,6
CA,CHEVROLET SONIC,6
CA,HONDA ODYSSEY,10
CA,HONDA ODYSESSY,2
CA,CHEVROLET SUBURBAN,6
CA,NISSAN MOTOR CO,2
CA,FERRARI,6
CA,MCLAREN,6
CA,SATURN L-SERIES,6
CA,DESERT EAGLE BREWING COMPANY,2
CA,FORD,228
CA,FERRARI F50 GT,6
CA,FERRARI 365,6
CA,KIA ZI SHIRU,4
CA,LEXUS LS,6
CA,MAZDA,28
CA,KIA MOTORS,12
CA,FERRARI STORE,2
CA,AMERICAN EAGLE AIRLINES,2
CA,GMC ACADIA,2
CA,VOLKSWAGEN GTI,6
CA,AUSTIN RIVERS,2
CA,NISSAN,64
CA,DAEWOO,2
CA,PORSCHE,-4
CA,LINCOLN,8
CA,MITSUBISHI GALANT,2
CA,TOYOTA RACING DEVELOPMENT,2
CA,TOYOTA PRIUS V,4
CA,BUICK,14
CA,LAMBORGHINI,32
CA,VOLKSWAGEN NEW BEETLE,2
CA,SUBARU FORESTER,6
CA,SCION XB,6
CA,TOYOTA SEQUOIA,6
CA,FORD RESEARCH,10
CA,HONDA PILOT,2
CA,LEXUS,40
CA,FORD FOUNDATION,6
CA,BMW,134
CA,SATURN,6
CA,KIA FORTE,6
CA,MINI COOPER,6
CA,LAMBORGHINI AVENTADOR,6
CA,TESLA DESIGN STUDIO,4
CA,BMW INC,10
CA,CADILLAC CTS,12
CA,NISSAN MAXIMA,6
CA,GEO GROUP INC.,-20
CA,CADILLAC DEVILLE,2
CA,NISSAN JUKE,2
CA,CADILLAC,44
CA,VOLKSWAGEN CC,2
CA,BMW 6 SERIES,6
CA,JAGUAR,6
CA,GMC SIERRA,2
CA,LEXUS RX,2
CA,MITSUBISHI,24
CA,FORD RANGER,6
CA,MERCEDES-BENZ CLS-CLASS,6
CA,INFINITI G35,6
CA,SMART,2
CA,AMERICAN EAGLE JEANS,4
CA,BMW 650,2
CA,AMERICAN EAGLE,2
CA,JAGUAR CULT SHAMANS,6
CA,FORD BRONCO,2
CA,MAZDA TOYO,6
CA,GEO GROUP INC,-56
CA,AUDI S4,2
CA,AUDI S5,2
CA,AUDI S3,2
CA,AUDI A6,2
CA,HONDA,70
CA,MERCURY PARK LANE,2
CA,CHEVROLET SILVERADO,4
CA,KIA OPTIMA,8
CA,FOOSE DESIGN,2
CA,CHEVROLET HHR,2
CA,GMC,2
CA,EAGLE BOYS,6
CA,CHEVROLET,6
CA,TESLA,162
CA,KIA,32
CA,FORD E-SERIES,6
CA,HONDA ELEMENT,6
CA,TOYOTA SIENNA,24
CA,CHEVROLET COBALT,2
CA,MORGAN HERITAGE,18
CA,INFINITI,12
CA,SHELBY DAYTONA,2
CA,SCION,8
CA,NISSAN XTERRA,6
CA,FERRARI 250,4
CA,VOLKSWAGEN,20
CA,TESLA MOTORS INC.,2
CA,NISSAN ALTIMA,8
CA,FRANCIS FORD COPPOLA WINERY,2
CA,TOYOTA OWNERS,2
CA,GMC CANYON,6
CA,EW SMART,2
CA,PLYMOUTH BARRACUDA.,2
CA,MASERATI,2
CA,TOYOTA TUNDRA,4
CA,TOYOTA MOTOR SALES,2
CA,FORD EXCURSION,4
CA,VOLKSWAGEN ROUTAN,2
CA,ACURA MDX,2
CA,TOYOTA MATRIX,6
CA,PONTIAC,-4
CA,JEEP,4
CA,SATURN ION,6
CA,NISSAN QUEST,6
CA,MERCEDES-BENZ C-CLASS,8
CA,SUBARU,16
CA,CHRYSLER,26
CA,CHEVROLET S-10,2
CA,AUDI,122
CA,AUDI A4,6
CA,TOYOTA,200
CA,SHELBY GT350,4
CA,MERCURY,6
CA,AMERICAN EAGLE FURNITURE,4
CA,TOYOTA SUPRA,2
CA,TOYOTA HIGHLANDER,6
CA,MAZDA MAZDA3,6
CA,TESLA ENERGY,24
CA,BENTLEY,62
CA,BENTLEY PROJECTS,2
CA,TESLA MOTORS,12
CA,TESLA VENTURES,2
CA,GMC SYCLONE,2
CA,JAGUAR XF,10
CA,DODGE,-2
CA,JAPANESE RESTAURANT HONDA,2
AL,LOTUS,2
AL,LAMBORGHINI,6
AL,TOYOTA WILL,6
AL,LOTUS CRUSH,6
AL,TESLA,6
AL,ACURA,6
AL,AUDI,4
AL,CADILLAC,6
AL,HONDA,38
AL,FORD,6
AL,TOYOTA,14
AL,SHELBY GT500,2
AR,TOYOTA,6
AR,MERCURY,6
AR,BENTLEY,18
AR,FORD,4
AR,JEEP,6
VT,NEPAL SHRI RAM BARAN YADAV,2
VT,SUBARU,12
VT,CLIMATE SMART AG,2
VT,CHEVROLET,2
VT,VOLKSWAGEN,14
VT,BENTLEY,6
VT,MERCEDES-BENZ,6
VT,FORD,2
VT,SUBARU OUTBACK,6
VT,TOYOTA,8
VT,AUDI,2
VT,TESLA,6
VT,BMW,6
IL,FORD,12
IL,TOYOTA,2
IL,VOLVO,44
IL,AUDI,6
IL,BUICK,6
IL,MERCURY,6
IL,BMW,6
IL,INFINITI,6
IL,BENTLEY,12
IL,EAGLE DREAMS PROMOTIONS,6
IL,MINI,6
IL,MASERATI,6
IL,IVCC LINCOLN,6
IL,TESLA,26
IL,FORD BRONCO,12
IL,FORD EXPEDITION,12
IL,GMC,6
IL,NISSAN,38
IL,HONDA,4
IL,GMC TERRAIN,6
GA,KIA SEDONA,6
GA,INFINITI,2
GA,KIA,4
GA,HONDA,12
GA,JAGUAR XF,6
GA,TOYOTA,16
GA,FORD F-SERIES SUPER DUTY,12
GA,ELIE SAAB HAUTE COUTURE,6
GA,AUDI,16
GA,FORD,34
GA,SUZUKI SWIFT,6
GA,BENTLEY,6
GA,GMC,8
GA,VOLKSWAGEN,4
GA,AUSTIN METRO,6
GA,LEXUS RX,12
GA,BMW,8
GA,MCLAREN,6
GA,CHRYSLER,12
GA,NISSAN MAXIMA,6
GA,MERCEDES,2
GA,TESLA ENERGY,6
GA,BMW I,6
GA,HYUNDAI,6
GA,TESLA,4
IN,MERCEDES-BENZ,12
IN,VOLVO,2
IN,UPCOMING BENTLEY BENTAYGA,2
IN,BENTLEY,12
IN,TESLA MOTORS,6
IN,TESLA,8
IN,LAMBORGHINI,2
IN,HONDA,2
IN,TOYOTA,18
IN,CADILLAC,0
IN,CHEVROLET,12
IN,MINI,6
IN,KIA,38
IN,FERRARI,6
IN,TOYOTA SUPRA,2
IN,SHELBY GT500,6
IN,MITSUBISHI,6
IN,AUDI,2
IN,CHEVROLET SILVERADO,6
IN,FORD,10
IN,CHRYSLER,12
IN,BMW,8
IN,FIAT,6
IA,TESLA,6
IA,TOYOTA,6
IA,AUDI,16
IA,BENTLEY,6
IA,AUSTIN METRO,6
IA,FORD,6
IA,LEXUS,18
IA,LAMBORGHINI AVENTADOR,4
IA,KIA,6
IA,MINI MANSIONS,6
IA,HONDA,6
IA,MAZDA CX-9,6
IA,RAM,6
MA,VOLVO,2
MA,TESLA,22
MA,TOYOTA SUPRA,12
MA,LEXUS CT,6
MA,MITSUBISHI,6
MA,VOLVO CHINA,6
MA,TESLA GENERATOR BLUEPRINTS,6
MA,BMW,8
MA,BENTLEY,6
MA,MERCURY,2
MA,LAMBORGHINI,6
MA,VOLKSWAGEN,0
AZ,SUNFLAIR MINI,2
AZ,PORSCHE,2
AZ,HONDA PILOT,2
AZ,MASERATI,8
AZ,JAGUAR,6
AZ,MINI ASIAN INSPIRED CAKES,6
AZ,MCLAREN,4
AZ,MERCURY,6
AZ,NISSAN,6
AZ,1955 FORD,2
AZ,KIA,8
AZ,CHEVROLET,2
AZ,DODGE NATIONAL PRESS,2
AZ,MITSUBISHI,2
AZ,VOLKSWAGEN,14
AZ,FORD,12
AZ,KIA OPTIMA,6
AZ,CADILLAC,8
AZ,ACURA,6
AZ,BENTLEY,12
AZ,AUDI,46
AZ,BENTLEY CONTINENTAL GT,2
AZ,LEXUS,2
AZ,BUGATTI,8
AZ,FIAT PANDA,6
AZ,TESLA,16
AZ,HONDA,24
AZ,BUICK,6
AZ,FERRARI,12
AZ,LAMBORGHINI,8
AZ,SATURN ION,6
AZ,CADILLAC CTS,6
AZ,BMW,82
AZ,JEEP,50
AZ,INFINITI G35,2
AZ,TOYOTA OWNERS,12
ID,BMW,8
ID,AUDI,2
ID,JAGUAR LAND ROVER,6
ID,NISSAN,2
ID,AUSTIN USA,6
ID,IRONHIDE GMC TOPKICK,6
ID,VOLVO,6
CT,FORD MOTOR CO,6
CT,AUDI,32
CT,VOLKSWAGEN,6
CT,HONDA,6
CT,BMW,36
CT,CHRYSLER,2
CT,TOYOTA,20
CT,BENTLEY,12
CT,TESLA,26
CT,AUSTIN ARTS,6
CT,CHEVROLET,4
CT,TESLA MOTORS,2
CT,HONDA MOTORS,6
CT,CROWLEY KIA,6
CT,JEEP,2
CT,LAMBORGHINI,6
CT,DODGE,2
CT,SUZUKI,6
CT,MASERATI,6
CT,FORD,8
CT,TESLA VENTURES,2
CT,FERRARI,6
CT,TESLA ENERGY,6
CT,LEXUS,6
CT,SUBARU,-10
CT,HYUNDAI,12
ME,GMC,6
ME,KIA,2
ME,NIOMI SMART,2
ME,BMW,12
ME,INFINITI M45,6
ME,MCLAREN,6
ME,FORD FREESTYLE,2
ME,GMC SIERRA,20
ME,FORD,56
ME,VOLVO,0
ME,SUZUKI,8
ME,HONDA,38
ME,TESLA,16
ME,NISSAN XTERRA,12
ME,CHEVROLET MALIBU,6
ME,HYUNDAI,2
ME,AUDI,2
ME,DODGE CARAVAN,0
ME,1955 FORD,2
ME,BENTLEY,8
ME,PONTIAC GRAND AM,12
ME,FORD RANGER,8
ME,PONTIAC GRAND PRIX MINT,6
ME,LAMBORGHINI,6
MD,EAGLE EXCELLENCE,6
MD,VOLKSWAGEN GROUP,2
MD,TESLA BROCHURES,6
MD,TESLA MOTORS,10
MD,LEXUS RX,10
MD,TESLA ENERGY,12
MD,TOYOTA,22
MD,LEXUS,2
MD,FORD,6
MD,MORGAN STANLEY,2
MD,SUBARU,6
MD,INFINITI,2
MD,BENTLEY,12
MD,VOLKSWAGEN SCIROCCO,12
MD,FIAT CHRYSLERS,2
MD,KIA,12
MD,AUDI,2
MD,BMW,6
MD,MAZDA,2
MD,NISSAN,2
MD,TESLA,10
MD,FERRARI,4
MD,MERCURY,2
OK,DODGE NATIONAL PRESS,6
OK,FIAT CHRYSLER,6
OK,CADILLAC,6
OK,HONDA,6
OK,JAGUAR,6
OK,AUDI,36
OK,BMW,32
OK,TESLA,-4
OK,FORD,8
OK,FERRARI 250,2
OK,LEXUS,6
OK,VOLKSWAGEN,2
OK,FERRARI,4
OK,EAGLE ONE PIZZA,2
OK,FREDDIE MERCURY,4
OH,CADILLAC,6
OH,SUBARU,8
OH,TWEED HOLDEN,2
OH,RICHMOND TOYOTA OWNERS,-2
OH,LINCOLN MKZ,8
OH,CHEVROLET,8
OH,TESLA ENERGY,6
OH,FORD,34
OH,BMW,26
OH,BENTLEY,8
OH,NISSAN,2
OH,FORD MUSTANG MACH 1.,2
OH,MAZDA,6
OH,VOLVO,30
OH,MITSUBISHI MIRAGE,2
OH,HONDA,28
OH,AUSTIN USA,6
OH,SHARPNACK CHEVROLET,2
OH,MCLAREN,6
OH,BUICK,2
OH,FORD SPITZER GROUP,2
OH,TOYOTA,14
OH,TESLA,18
OH,TESLA MOTORS,2
OH,FERRARI,2
OH,BUGATTI,6
OH,HYUNDAI ELANTRA,6
OH,CAPRESSO MINI DRIP COFFEE,2
OH,MITSUBISHI,6
OH,CAPRESSO MINI DRIP,6
OH,FORD F-350,2
OH,KIA,2
OH,VOLKSWAGEN,10
OH,MERCURY,2
OH,GIANT EAGLE,2
OH,ACURA MDX,6
OH,LAMBORGHINI,10
OH,CHEVROLET SILVERADO,6
OH,AUDI,24
OH,LEXUS,12
OH,HONDA CIVIC HATCH,6
UT,LEXUS,2
UT,BMW,18
UT,TESLA,0
UT,FORD,8
UT,FERRARI,2
UT,NISSAN,14
UT,MITSUBISHI,12
UT,LAMBORGHINI,6
UT,JAGUAR,12
UT,TOYOTA OWNERS,12
UT,SHELBY GT350,2
UT,TESLA ENERGY,6
UT,BMW I,6
UT,HONDA,6
UT,TOYOTA,12
MO,BMW,2
MO,HONDA,6
MO,MERCEDES-BENZ,6
MO,SHELBY GT500,2
MO,FIAT 500 ABARTH,6
MO,TESLA ENERGY,2
MO,CADILLAC,2
MO,GMC TERRAIN,2
MO,TESLA,6
MO,FORD,8
MO,VOLVO,6
MN,PLYMOUTH BELVEDERE,6
MN,DODGE DART GT,2
MN,TOYOTA,10
MN,HONDA,-4
MN,VOLVO,6
MN,WALSER MAZDA,2
MN,CHEVROLET,-4
MN,MITSUBISHI,6
MN,SUZUKI,-4
MN,BENTLEY,6
MN,VOLKSWAGEN,6
MN,CHEVORLET,10
MN,TOYOTA SUPRA,2
MN,MINI BURGERS,6
MN,BUICK,4
MN,AUDI,18
MN,KIA,12
MN,NISSAN,2
MN,FORD EVERYDAY,12
MN,1937 FORD,2
MN,BUGATTI,6
MN,LAMBORGHINI,0
MN,TESLA,20
MN,FORD,12
MN,MORGAN STANLEY WEALTH,6
MN,BMW,20
MN,GEO,6
MI,CADILLAC CTS,6
MI,MERCURY MONTCLAIR,6
MI,NISSAN JUKE,4
MI,SHELBY GT350,6
MI,SUZUKI,4
MI,TOYOTA,38
MI,LAMBORGHINI,6
MI,HONDA PILOT.,2
MI,DODGE CORONET,4
MI,TOYOTA SIENNA,2
MI,MAZDA,12
MI,FORD FLEX,2
MI,PONTIAC,10
MI,PLYMOUTH FARMERS MARKET,2
MI,MERCURY,12
MI,HONDA,12
MI,FORD MOTOR CO.,6
MI,AMERICAN EAGLE OUTFITTERS,6
MI,MERCURY GRAND MARQUIS,6
MI,AUDI,10
MI,HENRY FORD,12
MI,VOLVO,8
MI,FORD,46
MI,SUBARU OUTBACK,6
MI,TESLA,16
MI,VOLKSWAGEN GROUP,2
MI,PONTIAC METAL,6
MI,KIA,6
MI,VOLKSWAGEN,6
MI,TESLA MOTOR,2
MI,CAPRESSO MINI DRIP,6
MI,HONDA RACING,12
MI,MCLAREN,6
MI,BMW,24
MI,BUGATTI TYPE 13,6
MI,SHELBY,12
MI,VARSITY FORD,12
MI,BUICK VERANO,4
MI,CHEVROLET,6
KS,AUDI,6
KS,HONDA,6
KS,PONTIAC,2
KS,FORD,12
KS,MERCURY,6
KS,TESLA MOTORS,6
KS,VOLKSWAGEN,2
KS,SUZUKI,2
KS,1957 FORD,2
KS,KIA,6
KS,TESLA,-2
MT,BMW,18
MT,SUBARU,6
MT,FORD,6
MT,AUDI,2
MT,TESLA,6
MT,TOYOTA,18
MT,GMC,6
MS,VOLKSWAGEN,2
MS,BMW,18
MS,TOYOTA,6
MS,FORD,18
MS,CHEVORLET,6
SC,TOYOTA,2
SC,GEO GROUP,6
SC,VOLVO,16
SC,HONDA,8
SC,GMC,6
SC,TESLA,6
SC,COOKIESWEETCR SMART,2
SC,BMW,24
SC,FORD,8
SC,SMART BALANCE,6
SC,JEEP,30
KY,BENTLEY,6
KY,AUDI,44
KY,CHEVROLET,2
KY,BMW,6
KY,VOLVO,14
KY,LINCOLN MKZ,18
KY,TOYOTA,2
KY,HYUNDAI SONATA,12
KY,FORD,46
KY,TESLA,6
KY,NISSAN,6
OR,BMW,20
OR,MAZDA CX-9,6
OR,NISSAN STANZA,2
OR,ISUZU RODEO,6
OR,HYUNDAI,10
OR,VOLKSWAGEN PASSAT,2
OR,FORD FOOD,6
OR,LEXUS,12
OR,KIA,10
OR,TOYOTA,34
OR,CHEVROLET TAHOE,4
OR,HONDA PILOT,2
OR,CADILLAC,6
OR,TESLA ENERGY,2
OR,BENTLEY,12
OR,FORD,16
OR,PONTIAC G6,4
OR,MERCURY,2
OR,LOTUS ACUPUNCTURE LLC,2
OR,LAMBORGHINI,18
OR,MITSUBISHI,8
OR,HONDA,22
OR,NISSAN,4
OR,CHRYSLER PACIFICA,2
OR,KIA SPECTRA,2
OR,CHRYSLER,2
OR,LINCOLN MKZ,6
OR,SUBARU,6
OR,CADILLAC RECORDS,6
OR,VOLKSWAGEN NEW BEETLE,12
OR,CHEVROLET SUBURBAN,4
OR,TESLA,32
OR,AUDI,50
OR,VOLKSWAGEN,6
OR,HYUNDAI SANTA FE,8
OR,SCION,2
OR,AUSTIN POWERS,2
OR,VOLVO V70,8
OR,TOYOTA HIGHLANDER,2
SD,TESLA,6
SD,BMW,6
SD,TOYOTA OWNERS,12
